M/Msun,R/Rsun,T,Rho,P,L/Lsun,"X,",Y,He3,C12,N14,O16
0.0000298,0.0065,1.57E+07,1.52E+02,2.34E+17,0.00027,0.33973,0.64046,7.44E-06,2.40E-05,5.45E-03,8.67E-03
0.0000312,0.00661,1.57E+07,1.52E+02,2.34E+17,0.00028,0.33977,0.64042,7.44E-06,2.40E-05,5.45E-03,8.67E-03
0.0000327,0.00671,1.57E+07,1.52E+02,2.34E+17,0.00029,0.33981,0.64038,7.45E-06,2.40E-05,5.45E-03,8.67E-03
0.0000342,0.00681,1.57E+07,1.52E+02,2.34E+17,0.00031,0.33986,0.64033,7.45E-06,2.40E-05,5.45E-03,8.67E-03
0.0000358,0.00692,1.57E+07,1.52E+02,2.34E+17,0.00032,0.33991,0.64028,7.45E-06,2.40E-05,5.45E-03,8.67E-03
0.0000375,0.00702,1.57E+07,1.52E+02,2.33E+17,0.00033,0.33995,0.64024,7.46E-06,2.40E-05,5.45E-03,8.67E-03
0.0000393,0.00713,1.57E+07,1.52E+02,2.33E+17,0.00035,0.34,0.64019,7.46E-06,2.40E-05,5.45E-03,8.67E-03
0.0000411,0.00724,1.57E+07,1.52E+02,2.33E+17,0.00037,0.34005,0.64014,7.46E-06,2.40E-05,5.45E-03,8.67E-03
0.0000431,0.00735,1.57E+07,1.52E+02,2.33E+17,0.00038,0.34011,0.64008,7.47E-06,2.40E-05,5.45E-03,8.67E-03
0.0000451,0.00747,1.57E+07,1.52E+02,2.33E+17,0.0004,0.34016,0.64003,7.47E-06,2.40E-05,5.45E-03,8.67E-03
0.0000472,0.00758,1.57E+07,1.52E+02,2.33E+17,0.00042,0.34022,0.63997,7.47E-06,2.40E-05,5.45E-03,8.67E-03
0.0000494,0.0077,1.57E+07,1.52E+02,2.33E+17,0.00044,0.34028,0.63991,7.48E-06,2.40E-05,5.45E-03,8.67E-03
0.0000518,0.00782,1.57E+07,1.52E+02,2.33E+17,0.00046,0.34033,0.63986,7.48E-06,2.40E-05,5.45E-03,8.67E-03
0.0000542,0.00794,1.57E+07,1.52E+02,2.33E+17,0.00048,0.3404,0.63979,7.49E-06,2.39E-05,5.45E-03,8.67E-03
0.0000568,0.00807,1.57E+07,1.52E+02,2.33E+17,0.00051,0.34046,0.63973,7.49E-06,2.39E-05,5.45E-03,8.67E-03
0.0000594,0.00819,1.57E+07,1.52E+02,2.33E+17,0.00053,0.34053,0.63967,7.50E-06,2.39E-05,5.45E-03,8.67E-03
0.0000622,0.00832,1.57E+07,1.52E+02,2.33E+17,0.00055,0.34059,0.6396,7.50E-06,2.39E-05,5.45E-03,8.67E-03
0.0000652,0.00845,1.57E+07,1.52E+02,2.33E+17,0.00058,0.34066,0.63953,7.51E-06,2.39E-05,5.45E-03,8.68E-03
0.0000682,0.00858,1.57E+07,1.52E+02,2.33E+17,0.00061,0.34073,0.63946,7.51E-06,2.39E-05,5.45E-03,8.68E-03
0.0000714,0.00871,1.57E+07,1.52E+02,2.33E+17,0.00064,0.34081,0.63938,7.52E-06,2.39E-05,5.45E-03,8.68E-03
0.0000748,0.00884,1.57E+07,1.52E+02,2.33E+17,0.00067,0.34088,0.63931,7.52E-06,2.39E-05,5.44E-03,8.68E-03
0.0000783,0.00898,1.57E+07,1.52E+02,2.33E+17,0.0007,0.34096,0.63923,7.53E-06,2.39E-05,5.44E-03,8.68E-03
0.000082,0.00912,1.57E+07,1.52E+02,2.33E+17,0.00073,0.34104,0.63915,7.53E-06,2.39E-05,5.44E-03,8.68E-03
0.0000859,0.00926,1.57E+07,1.52E+02,2.33E+17,0.00077,0.34113,0.63906,7.54E-06,2.39E-05,5.44E-03,8.68E-03
0.0000899,0.00941,1.57E+07,1.52E+02,2.33E+17,0.0008,0.34121,0.63898,7.54E-06,2.39E-05,5.44E-03,8.68E-03
0.0000942,0.00955,1.57E+07,1.52E+02,2.33E+17,0.00084,0.3413,0.63889,7.55E-06,2.39E-05,5.44E-03,8.68E-03
0.0000986,0.0097,1.57E+07,1.52E+02,2.33E+17,0.00088,0.3414,0.6388,7.56E-06,2.39E-05,5.44E-03,8.68E-03
0.0001033,0.00985,1.57E+07,1.52E+02,2.33E+17,0.00092,0.34149,0.6387,7.56E-06,2.39E-05,5.44E-03,8.68E-03
0.0001081,0.01,1.57E+07,1.52E+02,2.33E+17,0.00096,0.34159,0.63861,7.57E-06,2.39E-05,5.44E-03,8.68E-03
0.0001132,0.01016,1.57E+07,1.52E+02,2.33E+17,0.00101,0.34169,0.63851,7.58E-06,2.39E-05,5.44E-03,8.68E-03
0.0001186,0.01032,1.57E+07,1.52E+02,2.33E+17,0.00106,0.34179,0.6384,7.58E-06,2.39E-05,5.44E-03,8.68E-03
0.0001242,0.01048,1.57E+07,1.52E+02,2.33E+17,0.00111,0.3419,0.6383,7.59E-06,2.39E-05,5.44E-03,8.68E-03
0.00013,0.01064,1.57E+07,1.52E+02,2.32E+17,0.00116,0.34201,0.63819,7.60E-06,2.39E-05,5.44E-03,8.69E-03
0.0001361,0.0108,1.57E+07,1.52E+02,2.32E+17,0.00121,0.34212,0.63807,7.61E-06,2.38E-05,5.43E-03,8.69E-03
0.0001426,0.01097,1.57E+07,1.52E+02,2.32E+17,0.00127,0.34224,0.63796,7.62E-06,2.38E-05,5.43E-03,8.69E-03
0.0001493,0.01114,1.57E+07,1.52E+02,2.32E+17,0.00133,0.34236,0.63784,7.62E-06,2.38E-05,5.43E-03,8.69E-03
0.0001563,0.01131,1.57E+07,1.51E+02,2.32E+17,0.00139,0.34248,0.63771,7.63E-06,2.38E-05,5.43E-03,8.69E-03
0.0001637,0.01149,1.57E+07,1.51E+02,2.32E+17,0.00146,0.34261,0.63758,7.64E-06,2.38E-05,5.43E-03,8.69E-03
0.0001714,0.01167,1.57E+07,1.51E+02,2.32E+17,0.00152,0.34274,0.63745,7.65E-06,2.38E-05,5.43E-03,8.69E-03
0.0001795,0.01185,1.57E+07,1.51E+02,2.32E+17,0.0016,0.34288,0.63732,7.66E-06,2.38E-05,5.43E-03,8.69E-03
0.0001879,0.01203,1.57E+07,1.51E+02,2.32E+17,0.00167,0.34302,0.63717,7.67E-06,2.38E-05,5.43E-03,8.69E-03
0.0001968,0.01222,1.56E+07,1.51E+02,2.32E+17,0.00175,0.34316,0.63703,7.68E-06,2.38E-05,5.43E-03,8.69E-03
0.0002061,0.01241,1.56E+07,1.51E+02,2.32E+17,0.00183,0.34331,0.63688,7.69E-06,2.38E-05,5.43E-03,8.69E-03
0.0002158,0.0126,1.56E+07,1.51E+02,2.32E+17,0.00192,0.34347,0.63673,7.70E-06,2.38E-05,5.43E-03,8.69E-03
0.0002259,0.0128,1.56E+07,1.51E+02,2.32E+17,0.00201,0.34363,0.63657,7.71E-06,2.38E-05,5.42E-03,8.70E-03
0.0002366,0.013,1.56E+07,1.51E+02,2.32E+17,0.0021,0.34379,0.63641,7.73E-06,2.37E-05,5.42E-03,8.70E-03
0.0002477,0.0132,1.56E+07,1.51E+02,2.32E+17,0.0022,0.34396,0.63624,7.74E-06,2.37E-05,5.42E-03,8.70E-03
0.0002594,0.01341,1.56E+07,1.51E+02,2.31E+17,0.0023,0.34413,0.63606,7.75E-06,2.37E-05,5.42E-03,8.70E-03
0.0002716,0.01362,1.56E+07,1.51E+02,2.31E+17,0.00241,0.34431,0.63588,7.76E-06,2.37E-05,5.42E-03,8.70E-03
0.0002844,0.01383,1.56E+07,1.51E+02,2.31E+17,0.00252,0.3445,0.6357,7.78E-06,2.37E-05,5.42E-03,8.70E-03
0.0002979,0.01404,1.56E+07,1.51E+02,2.31E+17,0.00264,0.34469,0.63551,7.79E-06,2.37E-05,5.42E-03,8.70E-03
0.0003119,0.01426,1.56E+07,1.51E+02,2.31E+17,0.00276,0.34488,0.63531,7.81E-06,2.37E-05,5.41E-03,8.70E-03
0.0003266,0.01448,1.56E+07,1.51E+02,2.31E+17,0.00289,0.34509,0.63511,7.82E-06,2.36E-05,5.41E-03,8.71E-03
0.000342,0.01471,1.56E+07,1.50E+02,2.31E+17,0.00303,0.3453,0.6349,7.84E-06,2.36E-05,5.41E-03,8.71E-03
0.0003581,0.01494,1.56E+07,1.50E+02,2.31E+17,0.00317,0.34551,0.63469,7.85E-06,2.36E-05,5.41E-03,8.71E-03
0.000375,0.01517,1.56E+07,1.50E+02,2.31E+17,0.00332,0.34573,0.63447,7.87E-06,2.36E-05,5.41E-03,8.71E-03
0.0003926,0.01541,1.56E+07,1.50E+02,2.31E+17,0.00347,0.34596,0.63424,7.88E-06,2.36E-05,5.41E-03,8.71E-03
0.0004111,0.01565,1.56E+07,1.50E+02,2.30E+17,0.00364,0.3462,0.634,7.90E-06,2.36E-05,5.41E-03,8.71E-03
0.0004305,0.01589,1.56E+07,1.50E+02,2.30E+17,0.00381,0.34644,0.63376,7.92E-06,2.36E-05,5.40E-03,8.72E-03
0.0004508,0.01614,1.56E+07,1.50E+02,2.30E+17,0.00398,0.34669,0.63351,7.94E-06,2.36E-05,5.40E-03,8.72E-03
0.0004721,0.01639,1.56E+07,1.50E+02,2.30E+17,0.00417,0.34695,0.63326,7.95E-06,2.35E-05,5.40E-03,8.72E-03
0.0004943,0.01665,1.56E+07,1.50E+02,2.30E+17,0.00436,0.34721,0.63299,7.97E-06,2.35E-05,5.40E-03,8.72E-03
0.0005176,0.01691,1.56E+07,1.50E+02,2.30E+17,0.00457,0.34749,0.63272,7.99E-06,2.35E-05,5.40E-03,8.72E-03
0.000542,0.01717,1.56E+07,1.50E+02,2.30E+17,0.00478,0.34777,0.63243,8.02E-06,2.35E-05,5.39E-03,8.72E-03
0.0005675,0.01744,1.56E+07,1.49E+02,2.30E+17,0.005,0.34806,0.63214,8.04E-06,2.35E-05,5.39E-03,8.73E-03
0.0005943,0.01771,1.56E+07,1.49E+02,2.29E+17,0.00524,0.34836,0.63184,8.06E-06,2.35E-05,5.39E-03,8.73E-03
0.0006223,0.01799,1.56E+07,1.49E+02,2.29E+17,0.00548,0.34867,0.63154,8.08E-06,2.34E-05,5.39E-03,8.73E-03
0.0006516,0.01827,1.56E+07,1.49E+02,2.29E+17,0.00574,0.34899,0.63122,8.10E-06,2.34E-05,5.39E-03,8.73E-03
0.0006823,0.01855,1.56E+07,1.49E+02,2.29E+17,0.006,0.34931,0.63089,8.13E-06,2.34E-05,5.39E-03,8.73E-03
0.0007145,0.01884,1.56E+07,1.49E+02,2.29E+17,0.00628,0.34965,0.63055,8.16E-06,2.34E-05,5.38E-03,8.74E-03
0.0007482,0.01914,1.56E+07,1.49E+02,2.29E+17,0.00657,0.35,0.63021,8.18E-06,2.33E-05,5.38E-03,8.74E-03
0.0007834,0.01944,1.56E+07,1.49E+02,2.28E+17,0.00688,0.35036,0.62985,8.21E-06,2.33E-05,5.38E-03,8.74E-03
0.0008204,0.01974,1.56E+07,1.48E+02,2.28E+17,0.0072,0.35073,0.62948,8.24E-06,2.33E-05,5.37E-03,8.74E-03
0.000859,0.02005,1.56E+07,1.48E+02,2.28E+17,0.00753,0.35111,0.6291,8.26E-06,2.33E-05,5.37E-03,8.75E-03
0.0008995,0.02036,1.56E+07,1.48E+02,2.28E+17,0.00788,0.3515,0.6287,8.29E-06,2.33E-05,5.37E-03,8.75E-03
0.0009419,0.02068,1.56E+07,1.48E+02,2.28E+17,0.00825,0.35191,0.6283,8.33E-06,2.32E-05,5.37E-03,8.75E-03
0.0009863,0.02101,1.55E+07,1.48E+02,2.27E+17,0.00863,0.35233,0.62788,8.36E-06,2.32E-05,5.36E-03,8.75E-03
0.0010328,0.02134,1.55E+07,1.48E+02,2.27E+17,0.00903,0.35276,0.62745,8.39E-06,2.32E-05,5.36E-03,8.76E-03
0.0010814,0.02167,1.55E+07,1.48E+02,2.27E+17,0.00945,0.3532,0.62701,8.42E-06,2.32E-05,5.36E-03,8.76E-03
0.0011324,0.02201,1.55E+07,1.47E+02,2.27E+17,0.00989,0.35365,0.62656,8.46E-06,2.31E-05,5.36E-03,8.76E-03
0.0011858,0.02236,1.55E+07,1.47E+02,2.27E+17,0.01035,0.35412,0.62609,8.50E-06,2.31E-05,5.35E-03,8.76E-03
0.0012417,0.02271,1.55E+07,1.47E+02,2.26E+17,0.01083,0.35461,0.62561,8.53E-06,2.31E-05,5.35E-03,8.77E-03
0.0013002,0.02307,1.55E+07,1.47E+02,2.26E+17,0.01133,0.35511,0.62511,8.57E-06,2.31E-05,5.35E-03,8.77E-03
0.0013614,0.02343,1.55E+07,1.47E+02,2.26E+17,0.01185,0.35562,0.62459,8.61E-06,2.30E-05,5.34E-03,8.77E-03
0.0014256,0.0238,1.55E+07,1.46E+02,2.26E+17,0.0124,0.35615,0.62407,8.65E-06,2.30E-05,5.34E-03,8.78E-03
0.0014928,0.02417,1.55E+07,1.46E+02,2.25E+17,0.01297,0.35669,0.62352,8.70E-06,2.29E-05,5.34E-03,8.78E-03
0.0015631,0.02455,1.55E+07,1.46E+02,2.25E+17,0.01357,0.35726,0.62296,8.74E-06,2.29E-05,5.33E-03,8.78E-03
0.0016368,0.02494,1.55E+07,1.46E+02,2.25E+17,0.0142,0.35783,0.62238,8.79E-06,2.29E-05,5.33E-03,8.79E-03
0.001714,0.02533,1.55E+07,1.46E+02,2.25E+17,0.01485,0.35843,0.62179,8.83E-06,2.28E-05,5.33E-03,8.79E-03
0.0017947,0.02573,1.55E+07,1.45E+02,2.24E+17,0.01554,0.35904,0.62118,8.88E-06,2.28E-05,5.32E-03,8.79E-03
0.0018793,0.02614,1.55E+07,1.45E+02,2.24E+17,0.01625,0.35968,0.62055,8.93E-06,2.28E-05,5.32E-03,8.80E-03
0.0019679,0.02655,1.55E+07,1.45E+02,2.24E+17,0.017,0.36033,0.6199,8.98E-06,2.27E-05,5.32E-03,8.80E-03
0.0020606,0.02697,1.55E+07,1.45E+02,2.23E+17,0.01778,0.361,0.61923,9.04E-06,2.27E-05,5.31E-03,8.80E-03
0.0021577,0.0274,1.54E+07,1.44E+02,2.23E+17,0.0186,0.36169,0.61854,9.10E-06,2.27E-05,5.31E-03,8.81E-03
0.0022594,0.02783,1.54E+07,1.44E+02,2.23E+17,0.01945,0.3624,0.61783,9.15E-06,2.26E-05,5.30E-03,8.81E-03
0.0023659,0.02827,1.54E+07,1.44E+02,2.22E+17,0.02034,0.36313,0.6171,9.21E-06,2.26E-05,5.30E-03,8.82E-03
0.0024774,0.02872,1.54E+07,1.44E+02,2.22E+17,0.02128,0.36388,0.61635,9.28E-06,2.25E-05,5.29E-03,8.82E-03
0.0025942,0.02918,1.54E+07,1.43E+02,2.21E+17,0.02225,0.36466,0.61557,9.34E-06,2.25E-05,5.29E-03,8.82E-03
0.0027164,0.02964,1.54E+07,1.43E+02,2.21E+17,0.02327,0.36545,0.61478,9.41E-06,2.25E-05,5.28E-03,8.83E-03
0.0028445,0.03011,1.54E+07,1.43E+02,2.21E+17,0.02433,0.36628,0.61396,9.48E-06,2.24E-05,5.28E-03,8.83E-03
0.0029785,0.03059,1.54E+07,1.43E+02,2.20E+17,0.02544,0.36712,0.61311,9.55E-06,2.24E-05,5.28E-03,8.84E-03
0.0031189,0.03108,1.54E+07,1.42E+02,2.20E+17,0.0266,0.36799,0.61224,9.62E-06,2.23E-05,5.27E-03,8.84E-03
0.0032659,0.03157,1.54E+07,1.42E+02,2.19E+17,0.02781,0.36889,0.61135,9.70E-06,2.23E-05,5.27E-03,8.85E-03
0.0034198,0.03208,1.54E+07,1.42E+02,2.19E+17,0.02908,0.36981,0.61043,9.78E-06,2.22E-05,5.26E-03,8.85E-03
0.003581,0.03259,1.53E+07,1.41E+02,2.19E+17,0.0304,0.37076,0.60948,9.86E-06,2.22E-05,5.26E-03,8.86E-03
0.0037497,0.03311,1.53E+07,1.41E+02,2.18E+17,0.03178,0.37174,0.6085,9.95E-06,2.21E-05,5.25E-03,8.86E-03
0.0039265,0.03364,1.53E+07,1.41E+02,2.18E+17,0.03322,0.37274,0.6075,1.00E-05,2.21E-05,5.24E-03,8.86E-03
0.0041115,0.03418,1.53E+07,1.40E+02,2.17E+17,0.03472,0.37378,0.60647,1.01E-05,2.20E-05,5.24E-03,8.87E-03
0.0043053,0.03473,1.53E+07,1.40E+02,2.17E+17,0.03629,0.37484,0.6054,1.02E-05,2.19E-05,5.23E-03,8.87E-03
0.0045082,0.03528,1.53E+07,1.39E+02,2.16E+17,0.03793,0.37594,0.60431,1.03E-05,2.19E-05,5.23E-03,8.88E-03
0.0047206,0.03585,1.53E+07,1.39E+02,2.15E+17,0.03964,0.37707,0.60319,1.04E-05,2.18E-05,5.22E-03,8.89E-03
0.0049431,0.03643,1.53E+07,1.39E+02,2.15E+17,0.04143,0.37822,0.60203,1.05E-05,2.18E-05,5.22E-03,8.89E-03
0.0051761,0.03701,1.52E+07,1.38E+02,2.14E+17,0.04329,0.37942,0.60084,1.06E-05,2.17E-05,5.21E-03,8.90E-03
0.00542,0.03761,1.52E+07,1.38E+02,2.14E+17,0.04524,0.38064,0.59962,1.08E-05,2.16E-05,5.21E-03,8.90E-03
0.0056754,0.03821,1.52E+07,1.37E+02,2.13E+17,0.04726,0.3819,0.59836,1.09E-05,2.16E-05,5.20E-03,8.90E-03
0.0059429,0.03883,1.52E+07,1.37E+02,2.12E+17,0.04938,0.3832,0.59706,1.10E-05,2.15E-05,5.19E-03,8.91E-03
0.006223,0.03946,1.52E+07,1.36E+02,2.12E+17,0.05159,0.38453,0.59573,1.11E-05,2.14E-05,5.19E-03,8.92E-03
0.0065163,0.0401,1.52E+07,1.36E+02,2.11E+17,0.05389,0.38591,0.59436,1.13E-05,2.14E-05,5.18E-03,8.92E-03
0.0068234,0.04075,1.52E+07,1.35E+02,2.10E+17,0.05629,0.38732,0.59295,1.14E-05,2.13E-05,5.17E-03,8.93E-03
0.007145,0.04141,1.51E+07,1.35E+02,2.10E+17,0.05879,0.38876,0.59151,1.15E-05,2.12E-05,5.17E-03,8.93E-03
0.0074817,0.04209,1.51E+07,1.34E+02,2.09E+17,0.0614,0.39025,0.59002,1.17E-05,2.12E-05,5.16E-03,8.94E-03
0.0078343,0.04277,1.51E+07,1.34E+02,2.08E+17,0.06412,0.39178,0.58849,1.19E-05,2.11E-05,5.15E-03,8.94E-03
0.0082035,0.04347,1.51E+07,1.33E+02,2.07E+17,0.06696,0.39336,0.58692,1.20E-05,2.10E-05,5.15E-03,8.95E-03
0.0085901,0.04418,1.51E+07,1.33E+02,2.07E+17,0.06991,0.39497,0.58531,1.22E-05,2.09E-05,5.14E-03,8.95E-03
0.008995,0.0449,1.50E+07,1.32E+02,2.06E+17,0.07299,0.39664,0.58365,1.24E-05,2.08E-05,5.13E-03,8.96E-03
0.0094189,0.04564,1.50E+07,1.32E+02,2.05E+17,0.07619,0.39834,0.58195,1.26E-05,2.08E-05,5.13E-03,8.97E-03
0.0098628,0.04639,1.50E+07,1.31E+02,2.04E+17,0.07953,0.40009,0.5802,1.27E-05,2.07E-05,5.12E-03,8.97E-03
0.0103276,0.04715,1.50E+07,1.31E+02,2.03E+17,0.08301,0.4019,0.5784,1.29E-05,2.06E-05,5.11E-03,8.98E-03
0.0108143,0.04793,1.50E+07,1.30E+02,2.02E+17,0.08663,0.40374,0.57655,1.31E-05,2.05E-05,5.11E-03,8.98E-03
0.011324,0.04872,1.49E+07,1.29E+02,2.02E+17,0.0904,0.40564,0.57466,1.34E-05,2.04E-05,5.10E-03,8.99E-03
0.0118577,0.04952,1.49E+07,1.29E+02,2.01E+17,0.09432,0.40759,0.57271,1.36E-05,2.03E-05,5.09E-03,8.99E-03
0.0124165,0.05034,1.49E+07,1.28E+02,2.00E+17,0.0984,0.40959,0.57072,1.38E-05,2.02E-05,5.09E-03,9.00E-03
0.0130017,0.05118,1.49E+07,1.27E+02,1.99E+17,0.10265,0.41165,0.56867,1.41E-05,2.01E-05,5.08E-03,9.00E-03
0.0136144,0.05203,1.48E+07,1.27E+02,1.98E+17,0.10706,0.41375,0.56656,1.43E-05,2.00E-05,5.07E-03,9.01E-03
0.0142561,0.0529,1.48E+07,1.26E+02,1.96E+17,0.11166,0.41591,0.5644,1.46E-05,2.00E-05,5.07E-03,9.01E-03
0.0149279,0.05378,1.48E+07,1.25E+02,1.95E+17,0.11643,0.41813,0.56219,1.49E-05,1.99E-05,5.06E-03,9.02E-03
0.0156315,0.05468,1.48E+07,1.24E+02,1.94E+17,0.1214,0.42041,0.55992,1.52E-05,1.98E-05,5.05E-03,9.02E-03
0.0163451,0.05557,1.47E+07,1.24E+02,1.93E+17,0.12639,0.42267,0.55766,1.55E-05,1.97E-05,5.05E-03,9.03E-03
0.0170641,0.05645,1.47E+07,1.23E+02,1.92E+17,0.13139,0.4249,0.55543,1.58E-05,1.96E-05,5.04E-03,9.03E-03
0.0177884,0.05731,1.47E+07,1.22E+02,1.91E+17,0.13639,0.42711,0.55323,1.61E-05,1.95E-05,5.03E-03,9.03E-03
0.0185182,0.05815,1.46E+07,1.21E+02,1.90E+17,0.14139,0.42929,0.55106,1.64E-05,1.94E-05,5.03E-03,9.04E-03
0.0192533,0.05898,1.46E+07,1.21E+02,1.89E+17,0.14639,0.43144,0.5489,1.67E-05,1.93E-05,5.02E-03,9.04E-03
0.0199939,0.0598,1.46E+07,1.20E+02,1.88E+17,0.15138,0.43358,0.54677,1.70E-05,1.92E-05,5.02E-03,9.04E-03
0.0207399,0.06061,1.46E+07,1.19E+02,1.87E+17,0.15638,0.43569,0.54466,1.73E-05,1.91E-05,5.01E-03,9.05E-03
0.0214914,0.06141,1.45E+07,1.19E+02,1.86E+17,0.16138,0.43778,0.54258,1.76E-05,1.90E-05,5.01E-03,9.05E-03
0.0222484,0.06219,1.45E+07,1.18E+02,1.85E+17,0.16638,0.43985,0.54051,1.79E-05,1.89E-05,5.00E-03,9.05E-03
0.0230109,0.06297,1.45E+07,1.17E+02,1.84E+17,0.17137,0.4419,0.53846,1.82E-05,1.88E-05,5.00E-03,9.06E-03
0.023779,0.06374,1.45E+07,1.17E+02,1.83E+17,0.17637,0.44394,0.53643,1.86E-05,1.88E-05,4.99E-03,9.06E-03
0.0245527,0.0645,1.44E+07,1.16E+02,1.82E+17,0.18137,0.44595,0.53442,1.89E-05,1.87E-05,4.99E-03,9.06E-03
0.025332,0.06525,1.44E+07,1.15E+02,1.81E+17,0.18637,0.44795,0.53243,1.92E-05,1.86E-05,4.98E-03,9.06E-03
0.0261169,0.06599,1.44E+07,1.15E+02,1.80E+17,0.19137,0.44993,0.53045,1.95E-05,1.85E-05,4.98E-03,9.07E-03
0.0269076,0.06673,1.44E+07,1.14E+02,1.79E+17,0.19636,0.4519,0.52849,1.99E-05,1.84E-05,4.98E-03,9.07E-03
0.0277039,0.06746,1.43E+07,1.14E+02,1.78E+17,0.20136,0.45385,0.52654,2.02E-05,1.84E-05,4.97E-03,9.07E-03
0.0285061,0.06818,1.43E+07,1.13E+02,1.77E+17,0.20636,0.45578,0.52461,2.05E-05,1.83E-05,4.97E-03,9.07E-03
0.0293141,0.0689,1.43E+07,1.12E+02,1.76E+17,0.21136,0.4577,0.52269,2.09E-05,1.82E-05,4.96E-03,9.07E-03
0.030128,0.06961,1.43E+07,1.12E+02,1.75E+17,0.21636,0.45961,0.52079,2.12E-05,1.81E-05,4.96E-03,9.07E-03
0.0309478,0.07032,1.42E+07,1.11E+02,1.74E+17,0.22136,0.46151,0.51889,2.16E-05,1.81E-05,4.96E-03,9.07E-03
0.0317735,0.07102,1.42E+07,1.11E+02,1.73E+17,0.22635,0.46339,0.51702,2.19E-05,1.80E-05,4.95E-03,9.07E-03
0.0326052,0.07171,1.42E+07,1.10E+02,1.72E+17,0.23135,0.46526,0.51515,2.23E-05,1.79E-05,4.95E-03,9.08E-03
0.033443,0.07241,1.42E+07,1.09E+02,1.71E+17,0.23635,0.46712,0.5133,2.27E-05,1.78E-05,4.95E-03,9.08E-03
0.034287,0.07309,1.41E+07,1.09E+02,1.70E+17,0.24135,0.46896,0.51145,2.30E-05,1.78E-05,4.94E-03,9.08E-03
0.0351371,0.07377,1.41E+07,1.08E+02,1.70E+17,0.24635,0.47079,0.50962,2.34E-05,1.77E-05,4.94E-03,9.08E-03
0.0359934,0.07445,1.41E+07,1.08E+02,1.69E+17,0.25135,0.47262,0.5078,2.38E-05,1.76E-05,4.94E-03,9.08E-03
0.036856,0.07513,1.41E+07,1.07E+02,1.68E+17,0.25634,0.47443,0.50599,2.42E-05,1.75E-05,4.94E-03,9.08E-03
0.037725,0.0758,1.40E+07,1.07E+02,1.67E+17,0.26134,0.47623,0.5042,2.45E-05,1.75E-05,4.93E-03,9.08E-03
0.0386003,0.07647,1.40E+07,1.06E+02,1.66E+17,0.26634,0.47802,0.50241,2.49E-05,1.74E-05,4.93E-03,9.08E-03
0.0394822,0.07713,1.40E+07,1.05E+02,1.65E+17,0.27134,0.47981,0.50063,2.53E-05,1.73E-05,4.93E-03,9.08E-03
0.0403705,0.07779,1.40E+07,1.05E+02,1.64E+17,0.27634,0.48158,0.49886,2.57E-05,1.73E-05,4.92E-03,9.08E-03
0.0412655,0.07845,1.39E+07,1.04E+02,1.63E+17,0.28134,0.48334,0.4971,2.61E-05,1.72E-05,4.92E-03,9.08E-03
0.0421672,0.07911,1.39E+07,1.04E+02,1.62E+17,0.28634,0.4851,0.49535,2.65E-05,1.71E-05,4.92E-03,9.08E-03
0.0430755,0.07976,1.39E+07,1.03E+02,1.62E+17,0.29134,0.48684,0.49361,2.70E-05,1.71E-05,4.92E-03,9.08E-03
0.0439908,0.08041,1.39E+07,1.03E+02,1.61E+17,0.29634,0.48858,0.49187,2.74E-05,1.70E-05,4.92E-03,9.08E-03
0.0449129,0.08106,1.38E+07,1.02E+02,1.60E+17,0.30134,0.49031,0.49015,2.78E-05,1.69E-05,4.91E-03,9.08E-03
0.0458419,0.08171,1.38E+07,1.02E+02,1.59E+17,0.30633,0.49203,0.48843,2.82E-05,1.68E-05,4.91E-03,9.08E-03
0.046778,0.08235,1.38E+07,1.01E+02,1.58E+17,0.31133,0.49374,0.48672,2.87E-05,1.68E-05,4.91E-03,9.08E-03
0.0477213,0.08299,1.38E+07,1.01E+02,1.57E+17,0.31633,0.49544,0.48502,2.91E-05,1.67E-05,4.91E-03,9.08E-03
0.0486717,0.08363,1.37E+07,1.00E+02,1.56E+17,0.32133,0.49714,0.48332,2.96E-05,1.67E-05,4.90E-03,9.08E-03
0.0496295,0.08427,1.37E+07,9.95E+01,1.56E+17,0.32633,0.49883,0.48164,3.00E-05,1.66E-05,4.90E-03,9.08E-03
0.0505946,0.08491,1.37E+07,9.90E+01,1.55E+17,0.33133,0.50051,0.47996,3.05E-05,1.65E-05,4.90E-03,9.08E-03
0.0515673,0.08555,1.37E+07,9.85E+01,1.54E+17,0.33633,0.50219,0.47829,3.10E-05,1.65E-05,4.90E-03,9.08E-03
0.0525474,0.08618,1.36E+07,9.80E+01,1.53E+17,0.34133,0.50386,0.47662,3.14E-05,1.64E-05,4.90E-03,9.08E-03
0.0535353,0.08682,1.36E+07,9.75E+01,1.52E+17,0.34633,0.50552,0.47497,3.19E-05,1.63E-05,4.90E-03,9.08E-03
0.0545309,0.08745,1.36E+07,9.70E+01,1.51E+17,0.35133,0.50717,0.47331,3.24E-05,1.62E-05,4.89E-03,9.08E-03
0.0555344,0.08808,1.36E+07,9.65E+01,1.50E+17,0.35633,0.50882,0.47167,3.29E-05,1.62E-05,4.89E-03,9.08E-03
0.0565458,0.08872,1.35E+07,9.60E+01,1.50E+17,0.36133,0.51046,0.47003,3.34E-05,1.61E-05,4.89E-03,9.08E-03
0.0575653,0.08935,1.35E+07,9.55E+01,1.49E+17,0.36633,0.5121,0.4684,3.39E-05,1.61E-05,4.89E-03,9.08E-03
0.058593,0.08998,1.35E+07,9.50E+01,1.48E+17,0.37133,0.51373,0.46677,3.44E-05,1.60E-05,4.89E-03,9.07E-03
0.0596289,0.09061,1.35E+07,9.45E+01,1.47E+17,0.37633,0.51535,0.46515,3.50E-05,1.59E-05,4.88E-03,9.07E-03
0.0606733,0.09124,1.34E+07,9.40E+01,1.46E+17,0.38133,0.51697,0.46353,3.55E-05,1.59E-05,4.88E-03,9.07E-03
0.0617262,0.09186,1.34E+07,9.35E+01,1.46E+17,0.38633,0.51858,0.46192,3.60E-05,1.58E-05,4.88E-03,9.07E-03
0.0627877,0.09249,1.34E+07,9.30E+01,1.45E+17,0.39133,0.52019,0.46032,3.66E-05,1.57E-05,4.88E-03,9.07E-03
0.0638579,0.09312,1.34E+07,9.25E+01,1.44E+17,0.39633,0.52179,0.45872,3.71E-05,1.57E-05,4.88E-03,9.07E-03
0.0649371,0.09375,1.34E+07,9.21E+01,1.43E+17,0.40133,0.52339,0.45713,3.77E-05,1.56E-05,4.88E-03,9.07E-03
0.0660253,0.09438,1.33E+07,9.16E+01,1.42E+17,0.40634,0.52498,0.45554,3.83E-05,1.55E-05,4.88E-03,9.07E-03
0.0671226,0.09501,1.33E+07,9.11E+01,1.41E+17,0.41134,0.52656,0.45396,3.89E-05,1.55E-05,4.87E-03,9.07E-03
0.0682292,0.09564,1.33E+07,9.06E+01,1.41E+17,0.41634,0.52814,0.45238,3.95E-05,1.54E-05,4.87E-03,9.07E-03
0.0693452,0.09627,1.33E+07,9.01E+01,1.40E+17,0.42134,0.52972,0.45081,4.01E-05,1.54E-05,4.87E-03,9.07E-03
0.0704708,0.0969,1.32E+07,8.97E+01,1.39E+17,0.42634,0.53129,0.44924,4.07E-05,1.53E-05,4.87E-03,9.07E-03
0.0716062,0.09753,1.32E+07,8.92E+01,1.38E+17,0.43134,0.53286,0.44767,4.13E-05,1.52E-05,4.87E-03,9.07E-03
0.0727514,0.09816,1.32E+07,8.87E+01,1.37E+17,0.43634,0.53442,0.44612,4.20E-05,1.52E-05,4.87E-03,9.06E-03
0.0739066,0.09879,1.32E+07,8.82E+01,1.37E+17,0.44134,0.53598,0.44456,4.26E-05,1.51E-05,4.87E-03,9.06E-03
0.075072,0.09943,1.31E+07,8.78E+01,1.36E+17,0.44634,0.53753,0.44301,4.33E-05,1.50E-05,4.87E-03,9.06E-03
0.0762478,0.10006,1.31E+07,8.73E+01,1.35E+17,0.45135,0.53908,0.44147,4.39E-05,1.50E-05,4.86E-03,9.06E-03
0.077434,0.1007,1.31E+07,8.68E+01,1.34E+17,0.45635,0.54062,0.43992,4.46E-05,1.49E-05,4.86E-03,9.06E-03
0.078631,0.10133,1.31E+07,8.64E+01,1.33E+17,0.46135,0.54216,0.43839,4.53E-05,1.49E-05,4.86E-03,9.06E-03
0.0798389,0.10197,1.30E+07,8.59E+01,1.33E+17,0.46635,0.5437,0.43685,4.61E-05,1.48E-05,4.86E-03,9.06E-03
0.0810578,0.10261,1.30E+07,8.54E+01,1.32E+17,0.47135,0.54523,0.43532,4.68E-05,1.47E-05,4.86E-03,9.06E-03
0.082288,0.10325,1.30E+07,8.50E+01,1.31E+17,0.47635,0.54676,0.4338,4.75E-05,1.47E-05,4.86E-03,9.06E-03
0.0835296,0.10389,1.30E+07,8.45E+01,1.30E+17,0.48136,0.54829,0.43228,4.83E-05,1.46E-05,4.86E-03,9.05E-03
0.0847829,0.10453,1.29E+07,8.40E+01,1.29E+17,0.48636,0.54981,0.43076,4.90E-05,1.45E-05,4.85E-03,9.05E-03
0.086048,0.10518,1.29E+07,8.36E+01,1.29E+17,0.49136,0.55132,0.42924,4.98E-05,1.45E-05,4.85E-03,9.05E-03
0.0873252,0.10582,1.29E+07,8.31E+01,1.28E+17,0.49636,0.55284,0.42773,5.06E-05,1.44E-05,4.85E-03,9.05E-03
0.0886147,0.10647,1.28E+07,8.27E+01,1.27E+17,0.50136,0.55435,0.42622,5.14E-05,1.43E-05,4.85E-03,9.05E-03
0.0899167,0.10712,1.28E+07,8.22E+01,1.26E+17,0.50637,0.55585,0.42472,5.22E-05,1.43E-05,4.85E-03,9.05E-03
0.0912314,0.10777,1.28E+07,8.17E+01,1.25E+17,0.51137,0.55736,0.42322,5.31E-05,1.42E-05,4.85E-03,9.04E-03
0.0925592,0.10843,1.28E+07,8.13E+01,1.25E+17,0.51637,0.55886,0.42172,5.39E-05,1.42E-05,4.85E-03,9.04E-03
0.0939002,0.10909,1.27E+07,8.08E+01,1.24E+17,0.52137,0.56036,0.42023,5.48E-05,1.41E-05,4.85E-03,9.04E-03
0.0952546,0.10975,1.27E+07,8.04E+01,1.23E+17,0.52638,0.56185,0.41874,5.57E-05,1.40E-05,4.85E-03,9.04E-03
0.0966229,0.11041,1.27E+07,7.99E+01,1.22E+17,0.53138,0.56334,0.41725,5.66E-05,1.40E-05,4.85E-03,9.04E-03
0.0980052,0.11107,1.27E+07,7.94E+01,1.21E+17,0.53638,0.56483,0.41576,5.75E-05,1.39E-05,4.85E-03,9.04E-03
0.0994017,0.11174,1.26E+07,7.90E+01,1.21E+17,0.54138,0.56632,0.41428,5.85E-05,1.38E-05,4.84E-03,9.04E-03
0.1008129,0.11241,1.26E+07,7.85E+01,1.20E+17,0.54639,0.5678,0.4128,5.94E-05,1.38E-05,4.84E-03,9.04E-03
0.102239,0.11308,1.26E+07,7.81E+01,1.19E+17,0.55139,0.56928,0.41132,6.04E-05,1.37E-05,4.84E-03,9.03E-03
0.1036803,0.11376,1.26E+07,7.76E+01,1.18E+17,0.55639,0.57076,0.40984,6.14E-05,1.36E-05,4.84E-03,9.03E-03
0.1051371,0.11444,1.25E+07,7.72E+01,1.17E+17,0.5614,0.57223,0.40837,6.25E-05,1.36E-05,4.84E-03,9.03E-03
0.1066098,0.11512,1.25E+07,7.67E+01,1.17E+17,0.5664,0.57371,0.4069,6.35E-05,1.35E-05,4.84E-03,9.03E-03
0.1080987,0.1158,1.25E+07,7.62E+01,1.16E+17,0.5714,0.57517,0.40543,6.46E-05,1.34E-05,4.84E-03,9.03E-03
0.1096041,0.11649,1.25E+07,7.58E+01,1.15E+17,0.57641,0.57664,0.40397,6.57E-05,1.34E-05,4.84E-03,9.03E-03
0.1111265,0.11719,1.24E+07,7.53E+01,1.14E+17,0.58141,0.57811,0.40251,6.68E-05,1.33E-05,4.84E-03,9.03E-03
0.1126661,0.11788,1.24E+07,7.49E+01,1.13E+17,0.58641,0.57957,0.40105,6.80E-05,1.32E-05,4.83E-03,9.02E-03
0.1142235,0.11858,1.24E+07,7.44E+01,1.13E+17,0.59142,0.58103,0.39959,6.92E-05,1.32E-05,4.83E-03,9.02E-03
0.1157989,0.11929,1.23E+07,7.40E+01,1.12E+17,0.59642,0.58249,0.39813,7.04E-05,1.31E-05,4.83E-03,9.02E-03
0.1173929,0.12,1.23E+07,7.35E+01,1.11E+17,0.60142,0.58395,0.39668,7.16E-05,1.30E-05,4.83E-03,9.02E-03
0.1190058,0.12071,1.23E+07,7.30E+01,1.10E+17,0.60643,0.5854,0.39522,7.29E-05,1.30E-05,4.83E-03,9.02E-03
0.1206381,0.12143,1.23E+07,7.26E+01,1.09E+17,0.61143,0.58686,0.39377,7.42E-05,1.29E-05,4.83E-03,9.02E-03
0.1222903,0.12215,1.22E+07,7.21E+01,1.08E+17,0.61643,0.58831,0.39232,7.55E-05,1.28E-05,4.83E-03,9.01E-03
0.1239629,0.12288,1.22E+07,7.17E+01,1.08E+17,0.62144,0.58976,0.39088,7.69E-05,1.28E-05,4.83E-03,9.01E-03
0.1256564,0.12361,1.22E+07,7.12E+01,1.07E+17,0.62644,0.59121,0.38943,7.83E-05,1.27E-05,4.83E-03,9.01E-03
0.1273712,0.12435,1.21E+07,7.07E+01,1.06E+17,0.63144,0.59265,0.38799,7.97E-05,1.26E-05,4.83E-03,9.01E-03
0.129108,0.12509,1.21E+07,7.03E+01,1.05E+17,0.63645,0.5941,0.38654,8.12E-05,1.26E-05,4.83E-03,9.01E-03
0.1308673,0.12584,1.21E+07,6.98E+01,1.04E+17,0.64145,0.59554,0.3851,8.27E-05,1.25E-05,4.82E-03,9.01E-03
0.1326497,0.1266,1.21E+07,6.94E+01,1.04E+17,0.64646,0.59698,0.38366,8.43E-05,1.24E-05,4.82E-03,9.00E-03
0.1344558,0.12736,1.20E+07,6.89E+01,1.03E+17,0.65146,0.59843,0.38222,8.59E-05,1.24E-05,4.82E-03,9.00E-03
0.1362863,0.12813,1.20E+07,6.84E+01,1.02E+17,0.65646,0.59987,0.38078,8.75E-05,1.23E-05,4.82E-03,9.00E-03
0.1381418,0.1289,1.20E+07,6.80E+01,1.01E+17,0.66147,0.6013,0.37935,8.92E-05,1.22E-05,4.82E-03,9.00E-03
0.1400231,0.12968,1.19E+07,6.75E+01,1.00E+17,0.66647,0.60274,0.37791,9.10E-05,1.22E-05,4.82E-03,9.00E-03
0.1419308,0.13047,1.19E+07,6.70E+01,9.93E+16,0.67147,0.60418,0.37648,9.27E-05,1.22E-05,4.82E-03,8.99E-03
0.1438657,0.13126,1.19E+07,6.65E+01,9.84E+16,0.67648,0.60562,0.37504,9.46E-05,1.22E-05,4.82E-03,8.99E-03
0.1458287,0.13206,1.18E+07,6.61E+01,9.76E+16,0.68148,0.60705,0.37361,9.65E-05,1.23E-05,4.82E-03,8.99E-03
0.1478205,0.13287,1.18E+07,6.56E+01,9.67E+16,0.68649,0.60848,0.37218,9.84E-05,1.25E-05,4.81E-03,8.99E-03
0.1498419,0.13369,1.18E+07,6.51E+01,9.59E+16,0.69149,0.60992,0.37075,1.00E-04,1.27E-05,4.81E-03,8.99E-03
0.151894,0.13452,1.17E+07,6.46E+01,9.50E+16,0.69649,0.61135,0.36932,1.02E-04,1.31E-05,4.81E-03,8.99E-03
0.1539777,0.13535,1.17E+07,6.42E+01,9.42E+16,0.7015,0.61278,0.36789,1.05E-04,1.37E-05,4.81E-03,8.98E-03
0.1560938,0.13619,1.17E+07,6.37E+01,9.33E+16,0.7065,0.61421,0.36646,1.07E-04,1.46E-05,4.81E-03,8.98E-03
0.1582436,0.13705,1.16E+07,6.32E+01,9.24E+16,0.71151,0.61565,0.36503,1.09E-04,1.59E-05,4.80E-03,8.98E-03
0.1604279,0.13791,1.16E+07,6.27E+01,9.16E+16,0.71651,0.61708,0.3636,1.11E-04,1.77E-05,4.80E-03,8.98E-03
0.162648,0.13878,1.16E+07,6.22E+01,9.07E+16,0.72151,0.61851,0.36217,1.14E-04,2.02E-05,4.79E-03,8.98E-03
0.1649051,0.13966,1.15E+07,6.17E+01,8.98E+16,0.72652,0.61994,0.36074,1.16E-04,2.35E-05,4.79E-03,8.98E-03
0.1672004,0.14056,1.15E+07,6.12E+01,8.89E+16,0.73152,0.62137,0.35931,1.19E-04,2.79E-05,4.78E-03,8.97E-03
0.1695351,0.14146,1.15E+07,6.07E+01,8.80E+16,0.73652,0.6228,0.35788,1.22E-04,3.36E-05,4.77E-03,8.97E-03
0.1719106,0.14238,1.14E+07,6.02E+01,8.71E+16,0.74153,0.62423,0.35645,1.24E-04,4.10E-05,4.76E-03,8.97E-03
0.1743284,0.1433,1.14E+07,5.97E+01,8.62E+16,0.74653,0.62566,0.35502,1.27E-04,5.05E-05,4.75E-03,8.97E-03
0.1767899,0.14424,1.14E+07,5.92E+01,8.53E+16,0.75153,0.6271,0.35359,1.30E-04,6.24E-05,4.73E-03,8.97E-03
0.1792968,0.1452,1.13E+07,5.87E+01,8.44E+16,0.75654,0.62853,0.35216,1.33E-04,7.72E-05,4.70E-03,8.96E-03
0.1818507,0.14616,1.13E+07,5.82E+01,8.35E+16,0.76154,0.62996,0.35073,1.37E-04,9.53E-05,4.68E-03,8.96E-03
0.1844533,0.14714,1.13E+07,5.77E+01,8.26E+16,0.76654,0.63139,0.3493,1.40E-04,1.17E-04,4.64E-03,8.96E-03
0.1871066,0.14814,1.12E+07,5.72E+01,8.17E+16,0.77154,0.63283,0.34786,1.44E-04,1.44E-04,4.60E-03,8.96E-03
0.1898125,0.14915,1.12E+07,5.66E+01,8.07E+16,0.77655,0.63426,0.34643,1.47E-04,1.75E-04,4.55E-03,8.95E-03
0.1925732,0.15018,1.11E+07,5.61E+01,7.98E+16,0.78155,0.6357,0.34499,1.51E-04,2.11E-04,4.50E-03,8.95E-03
0.195391,0.15122,1.11E+07,5.56E+01,7.88E+16,0.78655,0.63714,0.34355,1.55E-04,2.54E-04,4.43E-03,8.95E-03
0.1982682,0.15228,1.11E+07,5.50E+01,7.79E+16,0.79155,0.63858,0.34211,1.59E-04,3.02E-04,4.36E-03,8.95E-03
0.2012075,0.15336,1.10E+07,5.45E+01,7.69E+16,0.79656,0.64002,0.34067,1.63E-04,3.57E-04,4.28E-03,8.94E-03
0.2042118,0.15446,1.10E+07,5.40E+01,7.59E+16,0.80156,0.64147,0.33923,1.68E-04,4.19E-04,4.19E-03,8.94E-03
0.207284,0.15558,1.09E+07,5.34E+01,7.50E+16,0.80656,0.64291,0.33778,1.73E-04,4.88E-04,4.09E-03,8.94E-03
0.2104276,0.15671,1.09E+07,5.29E+01,7.40E+16,0.81156,0.64436,0.33634,1.78E-04,5.63E-04,3.97E-03,8.94E-03
0.2136461,0.15788,1.08E+07,5.23E+01,7.30E+16,0.81656,0.64581,0.33488,1.83E-04,6.46E-04,3.85E-03,8.94E-03
0.2169433,0.15906,1.08E+07,5.17E+01,7.20E+16,0.82156,0.64727,0.33343,1.88E-04,7.35E-04,3.72E-03,8.93E-03
0.2203236,0.16027,1.08E+07,5.11E+01,7.09E+16,0.82657,0.64872,0.33197,1.94E-04,8.30E-04,3.58E-03,8.93E-03
0.2237916,0.16151,1.07E+07,5.06E+01,6.99E+16,0.83157,0.65019,0.33051,2.00E-04,9.31E-04,3.43E-03,8.93E-03
0.2273523,0.16278,1.07E+07,5.00E+01,6.89E+16,0.83657,0.65165,0.32904,2.07E-04,1.04E-03,3.27E-03,8.93E-03
0.2310112,0.16407,1.06E+07,4.94E+01,6.78E+16,0.84157,0.65312,0.32757,2.13E-04,1.15E-03,3.11E-03,8.92E-03
0.2347744,0.1654,1.06E+07,4.88E+01,6.68E+16,0.84657,0.65459,0.3261,2.20E-04,1.26E-03,2.94E-03,8.92E-03
0.2386485,0.16676,1.05E+07,4.81E+01,6.57E+16,0.85157,0.65607,0.32462,2.28E-04,1.38E-03,2.78E-03,8.92E-03
0.2426409,0.16816,1.05E+07,4.75E+01,6.46E+16,0.85657,0.65755,0.32314,2.36E-04,1.50E-03,2.61E-03,8.92E-03
0.2467596,0.16959,1.04E+07,4.69E+01,6.35E+16,0.86158,0.65904,0.32165,2.45E-04,1.62E-03,2.44E-03,8.91E-03
0.2510134,0.17107,1.04E+07,4.62E+01,6.23E+16,0.86658,0.66053,0.32015,2.54E-04,1.73E-03,2.28E-03,8.91E-03
0.2554122,0.1726,1.03E+07,4.56E+01,6.12E+16,0.87158,0.66202,0.31865,2.64E-04,1.85E-03,2.12E-03,8.91E-03
0.259967,0.17417,1.03E+07,4.49E+01,6.00E+16,0.87658,0.66353,0.31715,2.74E-04,1.97E-03,1.97E-03,8.90E-03
0.2646898,0.1758,1.02E+07,4.42E+01,5.89E+16,0.88158,0.66504,0.31563,2.86E-04,2.09E-03,1.83E-03,8.90E-03
0.2695942,0.17748,1.01E+07,4.35E+01,5.77E+16,0.88658,0.66655,0.31411,2.98E-04,2.19E-03,1.69E-03,8.90E-03
0.2746955,0.17922,1.01E+07,4.28E+01,5.64E+16,0.89158,0.66807,0.31258,3.11E-04,2.30E-03,1.57E-03,8.90E-03
0.2800107,0.18104,1.00E+07,4.21E+01,5.52E+16,0.89658,0.6696,0.31105,3.25E-04,2.40E-03,1.46E-03,8.89E-03
0.2854683,0.18289,9.95E+06,4.13E+01,5.39E+16,0.9015,0.67111,0.30953,3.41E-04,2.50E-03,1.37E-03,8.89E-03
0.2909166,0.18474,9.89E+06,4.06E+01,5.27E+16,0.90621,0.67257,0.30806,3.57E-04,2.58E-03,1.29E-03,8.89E-03
0.2963545,0.18659,9.83E+06,3.99E+01,5.15E+16,0.9107,0.67396,0.30666,3.73E-04,2.66E-03,1.23E-03,8.88E-03
0.3017812,0.18842,9.77E+06,3.92E+01,5.03E+16,0.91499,0.67531,0.3053,3.91E-04,2.73E-03,1.17E-03,8.88E-03
0.3071957,0.19025,9.71E+06,3.85E+01,4.92E+16,0.9191,0.6766,0.304,4.09E-04,2.79E-03,1.13E-03,8.88E-03
0.3125973,0.19207,9.65E+06,3.78E+01,4.80E+16,0.92302,0.67784,0.30275,4.28E-04,2.84E-03,1.10E-03,8.87E-03
0.317985,0.19388,9.59E+06,3.71E+01,4.69E+16,0.92676,0.67903,0.30154,4.48E-04,2.89E-03,1.07E-03,8.87E-03
0.3233582,0.19569,9.53E+06,3.65E+01,4.59E+16,0.93033,0.68018,0.30038,4.68E-04,2.93E-03,1.04E-03,8.87E-03
0.328716,0.19749,9.47E+06,3.58E+01,4.48E+16,0.93374,0.68128,0.29927,4.90E-04,2.97E-03,1.03E-03,8.86E-03
0.3340577,0.19928,9.41E+06,3.52E+01,4.38E+16,0.937,0.68233,0.29819,5.12E-04,3.00E-03,1.01E-03,8.86E-03
0.3393826,0.20107,9.35E+06,3.46E+01,4.28E+16,0.94011,0.68335,0.29716,5.35E-04,3.02E-03,1.00E-03,8.86E-03
0.3446901,0.20285,9.30E+06,3.40E+01,4.18E+16,0.94307,0.68433,0.29616,5.59E-04,3.05E-03,9.91E-04,8.86E-03
0.3499794,0.20463,9.24E+06,3.34E+01,4.09E+16,0.9459,0.68527,0.29521,5.85E-04,3.07E-03,9.83E-04,8.85E-03
0.35525,0.2064,9.19E+06,3.28E+01,3.99E+16,0.9486,0.68617,0.29428,6.11E-04,3.09E-03,9.78E-04,8.85E-03
0.3605012,0.20817,9.13E+06,3.22E+01,3.90E+16,0.95118,0.68704,0.29339,6.39E-04,3.11E-03,9.73E-04,8.85E-03
0.3657326,0.20993,9.08E+06,3.17E+01,3.81E+16,0.95364,0.68787,0.29253,6.67E-04,3.12E-03,9.69E-04,8.84E-03
0.3709435,0.21168,9.02E+06,3.11E+01,3.73E+16,0.95598,0.68867,0.29171,6.97E-04,3.13E-03,9.66E-04,8.84E-03
0.3761334,0.21343,8.97E+06,3.06E+01,3.64E+16,0.95821,0.68945,0.29091,7.28E-04,3.14E-03,9.63E-04,8.84E-03
0.3813018,0.21517,8.92E+06,3.00E+01,3.56E+16,0.96034,0.69019,0.29015,7.61E-04,3.15E-03,9.61E-04,8.84E-03
0.3864482,0.21691,8.87E+06,2.95E+01,3.48E+16,0.96237,0.6909,0.28941,7.94E-04,3.16E-03,9.60E-04,8.83E-03
0.3915722,0.21865,8.81E+06,2.90E+01,3.40E+16,0.96431,0.69158,0.28869,8.30E-04,3.16E-03,9.58E-04,8.83E-03
0.3966733,0.22038,8.76E+06,2.85E+01,3.32E+16,0.96616,0.69224,0.288,8.66E-04,3.17E-03,9.57E-04,8.83E-03
0.4017511,0.22211,8.71E+06,2.80E+01,3.24E+16,0.96791,0.69287,0.28734,9.04E-04,3.18E-03,9.56E-04,8.83E-03
0.4068053,0.22383,8.66E+06,2.75E+01,3.17E+16,0.96959,0.69348,0.28669,9.44E-04,3.18E-03,9.55E-04,8.82E-03
0.4118353,0.22555,8.61E+06,2.70E+01,3.10E+16,0.97119,0.69406,0.28607,9.86E-04,3.18E-03,9.55E-04,8.82E-03
0.416841,0.22726,8.56E+06,2.65E+01,3.03E+16,0.97271,0.69462,0.28548,1.03E-03,3.19E-03,9.54E-04,8.82E-03
0.4218218,0.22897,8.52E+06,2.61E+01,2.96E+16,0.97416,0.69516,0.2849,1.07E-03,3.19E-03,9.53E-04,8.82E-03
0.4267775,0.23068,8.47E+06,2.56E+01,2.89E+16,0.97555,0.69568,0.28433,1.12E-03,3.19E-03,9.53E-04,8.81E-03
0.4317078,0.23238,8.42E+06,2.51E+01,2.82E+16,0.97687,0.69618,0.28379,1.17E-03,3.19E-03,9.52E-04,8.81E-03
0.4366124,0.23408,8.37E+06,2.47E+01,2.76E+16,0.97812,0.69666,0.28327,1.22E-03,3.19E-03,9.52E-04,8.81E-03
0.441491,0.23577,8.33E+06,2.43E+01,2.70E+16,0.97932,0.69712,0.28276,1.28E-03,3.20E-03,9.51E-04,8.81E-03
0.4463434,0.23746,8.28E+06,2.38E+01,2.63E+16,0.98046,0.69756,0.28226,1.33E-03,3.20E-03,9.51E-04,8.81E-03
0.4511692,0.23915,8.23E+06,2.34E+01,2.57E+16,0.98155,0.69798,0.28179,1.39E-03,3.20E-03,9.51E-04,8.80E-03
0.4559683,0.24084,8.19E+06,2.30E+01,2.52E+16,0.98259,0.69839,0.28132,1.45E-03,3.20E-03,9.50E-04,8.80E-03
0.4607404,0.24252,8.14E+06,2.26E+01,2.46E+16,0.98357,0.69878,0.28087,1.51E-03,3.20E-03,9.50E-04,8.80E-03
0.4654854,0.2442,8.10E+06,2.22E+01,2.40E+16,0.98452,0.69916,0.28043,1.58E-03,3.20E-03,9.50E-04,8.80E-03
0.470203,0.24588,8.06E+06,2.18E+01,2.35E+16,0.98541,0.69952,0.28001,1.65E-03,3.20E-03,9.50E-04,8.80E-03
0.4748931,0.24755,8.01E+06,2.14E+01,2.29E+16,0.98627,0.69986,0.2796,1.72E-03,3.20E-03,9.49E-04,8.79E-03
0.4795555,0.24922,7.97E+06,2.10E+01,2.24E+16,0.98709,0.7002,0.27919,1.80E-03,3.20E-03,9.49E-04,8.79E-03
0.48419,0.25089,7.93E+06,2.07E+01,2.19E+16,0.98787,0.70051,0.2788,1.88E-03,3.20E-03,9.49E-04,8.79E-03
0.4887965,0.25256,7.88E+06,2.03E+01,2.14E+16,0.98861,0.70082,0.27842,1.96E-03,3.20E-03,9.49E-04,8.79E-03
0.4933749,0.25422,7.84E+06,1.99E+01,2.09E+16,0.98932,0.70111,0.27804,2.04E-03,3.20E-03,9.48E-04,8.79E-03
0.497925,0.25588,7.80E+06,1.96E+01,2.04E+16,0.98999,0.7014,0.27767,2.13E-03,3.20E-03,9.48E-04,8.78E-03
0.5024468,0.25754,7.76E+06,1.92E+01,2.00E+16,0.99063,0.70167,0.27731,2.22E-03,3.20E-03,9.48E-04,8.78E-03
0.5069401,0.2592,7.72E+06,1.89E+01,1.95E+16,0.99124,0.70193,0.27696,2.32E-03,3.20E-03,9.48E-04,8.78E-03
0.5114049,0.26085,7.68E+06,1.86E+01,1.91E+16,0.99183,0.70218,0.27662,2.42E-03,3.20E-03,9.47E-04,8.78E-03
0.515841,0.26251,7.64E+06,1.82E+01,1.86E+16,0.99238,0.70242,0.27629,2.51E-03,3.20E-03,9.47E-04,8.78E-03
0.5202484,0.26416,7.60E+06,1.79E+01,1.82E+16,0.9929,0.70265,0.27597,2.61E-03,3.20E-03,9.47E-04,8.77E-03
0.524627,0.26581,7.56E+06,1.76E+01,1.78E+16,0.9934,0.70287,0.27566,2.70E-03,3.19E-03,9.47E-04,8.77E-03
0.5289768,0.26745,7.52E+06,1.73E+01,1.74E+16,0.99387,0.70308,0.27536,2.79E-03,3.19E-03,9.47E-04,8.77E-03
0.5332978,0.2691,7.48E+06,1.70E+01,1.70E+16,0.99431,0.70329,0.27507,2.87E-03,3.19E-03,9.46E-04,8.77E-03
0.5375898,0.27074,7.44E+06,1.67E+01,1.66E+16,0.99473,0.70349,0.2748,2.95E-03,3.19E-03,9.46E-04,8.77E-03
0.5418529,0.27239,7.40E+06,1.64E+01,1.62E+16,0.99512,0.70368,0.27454,3.02E-03,3.19E-03,9.46E-04,8.77E-03
0.5460871,0.27403,7.36E+06,1.61E+01,1.59E+16,0.99548,0.70387,0.2743,3.08E-03,3.19E-03,9.46E-04,8.76E-03
0.5502922,0.27567,7.33E+06,1.58E+01,1.55E+16,0.99582,0.70406,0.27407,3.13E-03,3.19E-03,9.46E-04,8.76E-03
0.5544684,0.27731,7.29E+06,1.55E+01,1.51E+16,0.99613,0.70424,0.27385,3.16E-03,3.19E-03,9.45E-04,8.76E-03
0.5586156,0.27895,7.25E+06,1.52E+01,1.48E+16,0.99642,0.70442,0.27365,3.18E-03,3.19E-03,9.45E-04,8.76E-03
0.5627338,0.28058,7.21E+06,1.50E+01,1.45E+16,0.99669,0.7046,0.27347,3.19E-03,3.19E-03,9.45E-04,8.76E-03
0.5668231,0.28222,7.18E+06,1.47E+01,1.41E+16,0.99693,0.70478,0.2733,3.18E-03,3.19E-03,9.45E-04,8.76E-03
0.5708834,0.28385,7.14E+06,1.44E+01,1.38E+16,0.99716,0.70496,0.27314,3.17E-03,3.19E-03,9.45E-04,8.75E-03
0.5749147,0.28549,7.11E+06,1.42E+01,1.35E+16,0.99736,0.70513,0.273,3.14E-03,3.19E-03,9.44E-04,8.75E-03
0.5789172,0.28712,7.07E+06,1.39E+01,1.32E+16,0.99755,0.70531,0.27287,3.10E-03,3.19E-03,9.44E-04,8.75E-03
0.5828909,0.28875,7.03E+06,1.37E+01,1.29E+16,0.99772,0.70548,0.27275,3.05E-03,3.19E-03,9.44E-04,8.75E-03
0.5868357,0.29038,7.00E+06,1.34E+01,1.26E+16,0.99788,0.70565,0.27263,2.99E-03,3.19E-03,9.44E-04,8.75E-03
0.5907518,0.29201,6.96E+06,1.32E+01,1.23E+16,0.99803,0.70583,0.27253,2.93E-03,3.19E-03,9.44E-04,8.75E-03
0.5946392,0.29364,6.93E+06,1.29E+01,1.20E+16,0.99816,0.70599,0.27243,2.86E-03,3.19E-03,9.44E-04,8.74E-03
0.5984979,0.29527,6.90E+06,1.27E+01,1.17E+16,0.99828,0.70616,0.27234,2.79E-03,3.18E-03,9.43E-04,8.74E-03
0.602328,0.2969,6.86E+06,1.25E+01,1.15E+16,0.9984,0.70633,0.27226,2.71E-03,3.18E-03,9.43E-04,8.74E-03
0.6061296,0.29853,6.83E+06,1.23E+01,1.12E+16,0.9985,0.70649,0.27218,2.63E-03,3.18E-03,9.43E-04,8.74E-03
0.6099028,0.30016,6.79E+06,1.20E+01,1.10E+16,0.9986,0.70665,0.2721,2.55E-03,3.18E-03,9.43E-04,8.74E-03
0.6136475,0.30179,6.76E+06,1.18E+01,1.07E+16,0.99869,0.70681,0.27203,2.47E-03,3.18E-03,9.43E-04,8.74E-03
0.617364,0.30342,6.73E+06,1.16E+01,1.05E+16,0.99877,0.70697,0.27195,2.39E-03,3.18E-03,9.43E-04,8.73E-03
0.6210523,0.30504,6.70E+06,1.14E+01,1.02E+16,0.99885,0.70712,0.27189,2.31E-03,3.18E-03,9.42E-04,8.73E-03
0.6247124,0.30667,6.66E+06,1.12E+01,9.99E+15,0.99892,0.70727,0.27182,2.23E-03,3.18E-03,9.42E-04,8.73E-03
0.6283445,0.3083,6.63E+06,1.10E+01,9.77E+15,0.99899,0.70742,0.27175,2.15E-03,3.18E-03,9.42E-04,8.73E-03
0.6319487,0.30993,6.60E+06,1.08E+01,9.54E+15,0.99906,0.70756,0.27169,2.07E-03,3.18E-03,9.42E-04,8.73E-03
0.635525,0.31155,6.57E+06,1.06E+01,9.33E+15,0.99912,0.7077,0.27163,2.00E-03,3.18E-03,9.42E-04,8.73E-03
0.6390736,0.31318,6.53E+06,1.04E+01,9.11E+15,0.99917,0.70784,0.27157,1.92E-03,3.18E-03,9.42E-04,8.73E-03
0.6425945,0.31481,6.50E+06,1.02E+01,8.90E+15,0.99922,0.70797,0.27151,1.85E-03,3.18E-03,9.41E-04,8.73E-03
0.6460879,0.31644,6.47E+06,1.00E+01,8.70E+15,0.99927,0.7081,0.27145,1.78E-03,3.18E-03,9.41E-04,8.72E-03
0.6495538,0.31807,6.44E+06,9.84E+00,8.50E+15,0.99932,0.70823,0.27139,1.72E-03,3.18E-03,9.41E-04,8.72E-03
0.6529924,0.31969,6.41E+06,9.66E+00,8.31E+15,0.99936,0.70835,0.27133,1.65E-03,3.18E-03,9.41E-04,8.72E-03
0.6564038,0.32132,6.38E+06,9.48E+00,8.12E+15,0.99941,0.70848,0.27128,1.59E-03,3.18E-03,9.41E-04,8.72E-03
0.6597881,0.32295,6.35E+06,9.31E+00,7.93E+15,0.99945,0.7086,0.27122,1.53E-03,3.18E-03,9.41E-04,8.72E-03
0.6631454,0.32458,6.32E+06,9.14E+00,7.75E+15,0.99948,0.70871,0.27116,1.47E-03,3.18E-03,9.41E-04,8.72E-03
0.6664759,0.32621,6.29E+06,8.98E+00,7.58E+15,0.99952,0.70883,0.27111,1.42E-03,3.17E-03,9.41E-04,8.72E-03
0.6697796,0.32784,6.26E+06,8.81E+00,7.40E+15,0.99955,0.70894,0.27105,1.36E-03,3.17E-03,9.40E-04,8.72E-03
0.6730567,0.32948,6.23E+06,8.65E+00,7.24E+15,0.99958,0.70905,0.271,1.31E-03,3.17E-03,9.40E-04,8.71E-03
0.6763073,0.33111,6.20E+06,8.49E+00,7.07E+15,0.99961,0.70915,0.27094,1.26E-03,3.17E-03,9.40E-04,8.71E-03
0.6795315,0.33274,6.17E+06,8.34E+00,6.91E+15,0.99964,0.70926,0.27089,1.21E-03,3.17E-03,9.40E-04,8.71E-03
0.6827295,0.33437,6.14E+06,8.19E+00,6.75E+15,0.99966,0.70936,0.27084,1.17E-03,3.17E-03,9.40E-04,8.71E-03
0.6859014,0.33601,6.11E+06,8.04E+00,6.60E+15,0.99969,0.70946,0.27078,1.12E-03,3.17E-03,9.40E-04,8.71E-03
0.6890473,0.33764,6.09E+06,7.89E+00,6.45E+15,0.99971,0.70956,0.27073,1.08E-03,3.17E-03,9.40E-04,8.71E-03
0.6921673,0.33928,6.06E+06,7.75E+00,6.30E+15,0.99973,0.70966,0.27068,1.04E-03,3.17E-03,9.39E-04,8.71E-03
0.6952616,0.34091,6.03E+06,7.61E+00,6.16E+15,0.99976,0.70975,0.27063,1.00E-03,3.17E-03,9.39E-04,8.70E-03
0.6983303,0.34255,6.00E+06,7.47E+00,6.02E+15,0.99978,0.70984,0.27057,9.63E-04,3.17E-03,9.39E-04,8.70E-03
0.7013736,0.34419,5.97E+06,7.33E+00,5.88E+15,0.99979,0.70993,0.27052,9.27E-04,3.17E-03,9.39E-04,8.70E-03
0.7043916,0.34583,5.95E+06,7.20E+00,5.74E+15,0.99981,0.71002,0.27047,8.92E-04,3.17E-03,9.39E-04,8.70E-03
0.7073844,0.34747,5.92E+06,7.06E+00,5.61E+15,0.99983,0.71011,0.27041,8.59E-04,3.17E-03,9.39E-04,8.70E-03
0.7103521,0.34911,5.89E+06,6.94E+00,5.49E+15,0.99984,0.7102,0.27036,8.28E-04,3.17E-03,9.39E-04,8.70E-03
0.7132949,0.35075,5.86E+06,6.81E+00,5.36E+15,0.99986,0.71028,0.27031,7.97E-04,3.17E-03,9.38E-04,8.70E-03
0.716213,0.3524,5.84E+06,6.68E+00,5.24E+15,0.99987,0.71036,0.27026,7.68E-04,3.17E-03,9.38E-04,8.70E-03
0.7191065,0.35404,5.81E+06,6.56E+00,5.12E+15,0.99989,0.71045,0.27021,7.40E-04,3.17E-03,9.38E-04,8.69E-03
0.7219754,0.35569,5.78E+06,6.44E+00,5.00E+15,0.9999,0.71053,0.27016,7.13E-04,3.17E-03,9.38E-04,8.69E-03
0.7248201,0.35733,5.76E+06,6.32E+00,4.89E+15,0.99991,0.7106,0.27011,6.88E-04,3.17E-03,9.38E-04,8.69E-03
0.7276405,0.35898,5.73E+06,6.21E+00,4.78E+15,0.99992,0.71068,0.27006,6.63E-04,3.17E-03,9.38E-04,8.69E-03
0.7304369,0.36063,5.70E+06,6.09E+00,4.67E+15,0.99993,0.71076,0.27001,6.39E-04,3.17E-03,9.38E-04,8.69E-03
0.7332094,0.36228,5.68E+06,5.98E+00,4.56E+15,0.99994,0.71083,0.26996,6.17E-04,3.17E-03,9.38E-04,8.69E-03
0.7359582,0.36393,5.65E+06,5.87E+00,4.46E+15,0.99995,0.71091,0.26991,5.95E-04,3.16E-03,9.37E-04,8.69E-03
0.7386833,0.36559,5.63E+06,5.76E+00,4.36E+15,0.99996,0.71098,0.26986,5.74E-04,3.16E-03,9.37E-04,8.69E-03
0.741385,0.36724,5.60E+06,5.66E+00,4.26E+15,0.99997,0.71105,0.26981,5.54E-04,3.16E-03,9.37E-04,8.69E-03
0.7440633,0.3689,5.57E+06,5.55E+00,4.16E+15,0.99997,0.71112,0.26976,5.35E-04,3.16E-03,9.37E-04,8.68E-03
0.7467184,0.37055,5.55E+06,5.45E+00,4.06E+15,0.99998,0.71119,0.26971,5.17E-04,3.16E-03,9.37E-04,8.68E-03
0.7493506,0.37221,5.52E+06,5.35E+00,3.97E+15,0.99999,0.71126,0.26966,5.00E-04,3.16E-03,9.37E-04,8.68E-03
0.7519598,0.37387,5.50E+06,5.25E+00,3.88E+15,0.99999,0.71133,0.26961,4.83E-04,3.16E-03,9.37E-04,8.68E-03
0.7545463,0.37554,5.47E+06,5.16E+00,3.79E+15,1,0.71139,0.26957,4.67E-04,3.16E-03,9.37E-04,8.68E-03
0.7571102,0.3772,5.45E+06,5.06E+00,3.71E+15,1.00001,0.71146,0.26952,4.51E-04,3.16E-03,9.37E-04,8.68E-03
0.7596516,0.37887,5.43E+06,4.97E+00,3.62E+15,1.00001,0.71153,0.26947,4.36E-04,3.16E-03,9.36E-04,8.68E-03
0.7621708,0.38053,5.40E+06,4.88E+00,3.54E+15,1.00002,0.71159,0.26942,4.22E-04,3.16E-03,9.36E-04,8.68E-03
0.7646678,0.3822,5.38E+06,4.79E+00,3.46E+15,1.00002,0.71165,0.26938,4.09E-04,3.16E-03,9.36E-04,8.68E-03
0.7671428,0.38387,5.35E+06,4.70E+00,3.38E+15,1.00002,0.71172,0.26933,3.96E-04,3.16E-03,9.36E-04,8.67E-03
0.769596,0.38554,5.33E+06,4.61E+00,3.30E+15,1.00003,0.71178,0.26928,3.83E-04,3.16E-03,9.36E-04,8.67E-03
0.7720274,0.38722,5.30E+06,4.53E+00,3.23E+15,1.00003,0.71184,0.26923,3.71E-04,3.16E-03,9.36E-04,8.67E-03
0.7744373,0.38889,5.28E+06,4.44E+00,3.15E+15,1.00004,0.7119,0.26919,3.60E-04,3.16E-03,9.36E-04,8.67E-03
0.7768257,0.39057,5.26E+06,4.36E+00,3.08E+15,1.00004,0.71196,0.26914,3.49E-04,3.16E-03,9.36E-04,8.67E-03
0.7791929,0.39225,5.23E+06,4.28E+00,3.01E+15,1.00004,0.71202,0.26909,3.38E-04,3.16E-03,9.36E-04,8.67E-03
0.781539,0.39393,5.21E+06,4.20E+00,2.94E+15,1.00004,0.71208,0.26905,3.28E-04,3.16E-03,9.35E-04,8.67E-03
0.783864,0.39561,5.19E+06,4.13E+00,2.88E+15,1.00005,0.71214,0.269,3.18E-04,3.16E-03,9.35E-04,8.67E-03
0.7861683,0.3973,5.16E+06,4.05E+00,2.81E+15,1.00005,0.7122,0.26895,3.09E-04,3.16E-03,9.35E-04,8.67E-03
0.7884518,0.39898,5.14E+06,3.97E+00,2.75E+15,1.00005,0.71226,0.2689,3.00E-04,3.16E-03,9.35E-04,8.67E-03
0.7907148,0.40067,5.12E+06,3.90E+00,2.68E+15,1.00005,0.71231,0.26886,2.92E-04,3.16E-03,9.35E-04,8.66E-03
0.7929574,0.40236,5.09E+06,3.83E+00,2.62E+15,1.00005,0.71237,0.26881,2.84E-04,3.16E-03,9.35E-04,8.66E-03
0.7951798,0.40405,5.07E+06,3.76E+00,2.56E+15,1.00006,0.71243,0.26876,2.76E-04,3.16E-03,9.35E-04,8.66E-03
0.797382,0.40575,5.05E+06,3.69E+00,2.50E+15,1.00006,0.71248,0.26872,2.68E-04,3.15E-03,9.35E-04,8.66E-03
0.7995643,0.40744,5.03E+06,3.62E+00,2.45E+15,1.00006,0.71254,0.26867,2.61E-04,3.15E-03,9.34E-04,8.66E-03
0.8017267,0.40914,5.00E+06,3.55E+00,2.39E+15,1.00006,0.7126,0.26862,2.54E-04,3.15E-03,9.34E-04,8.66E-03
0.8038695,0.41084,4.98E+06,3.49E+00,2.34E+15,1.00006,0.71265,0.26858,2.48E-04,3.15E-03,9.34E-04,8.66E-03
0.8059927,0.41254,4.96E+06,3.42E+00,2.28E+15,1.00006,0.71271,0.26853,2.41E-04,3.15E-03,9.34E-04,8.66E-03
0.8080966,0.41425,4.94E+06,3.36E+00,2.23E+15,1.00006,0.71276,0.26848,2.35E-04,3.15E-03,9.34E-04,8.65E-03
0.8101812,0.41595,4.92E+06,3.30E+00,2.18E+15,1.00006,0.71281,0.26844,2.30E-04,3.15E-03,9.34E-04,8.65E-03
0.8122466,0.41766,4.89E+06,3.24E+00,2.13E+15,1.00006,0.71287,0.26839,2.24E-04,3.15E-03,9.34E-04,8.65E-03
0.8142931,0.41937,4.87E+06,3.18E+00,2.08E+15,1.00007,0.71292,0.26835,2.19E-04,3.15E-03,9.34E-04,8.65E-03
0.8163208,0.42109,4.85E+06,3.12E+00,2.03E+15,1.00007,0.71297,0.2683,2.14E-04,3.15E-03,9.33E-04,8.65E-03
0.8183298,0.4228,4.83E+06,3.06E+00,1.99E+15,1.00007,0.71303,0.26826,2.09E-04,3.15E-03,9.33E-04,8.65E-03
0.8203202,0.42452,4.81E+06,3.00E+00,1.94E+15,1.00007,0.71308,0.26821,2.04E-04,3.15E-03,9.33E-04,8.65E-03
0.8222923,0.42624,4.79E+06,2.95E+00,1.90E+15,1.00007,0.71313,0.26817,2.00E-04,3.15E-03,9.33E-04,8.65E-03
0.824246,0.42796,4.77E+06,2.89E+00,1.86E+15,1.00007,0.71318,0.26812,1.95E-04,3.15E-03,9.33E-04,8.65E-03
0.8261816,0.42968,4.75E+06,2.84E+00,1.81E+15,1.00007,0.71323,0.26808,1.91E-04,3.15E-03,9.33E-04,8.65E-03
0.8280993,0.43141,4.72E+06,2.79E+00,1.77E+15,1.00007,0.71328,0.26803,1.87E-04,3.15E-03,9.33E-04,8.64E-03
0.829999,0.43314,4.70E+06,2.74E+00,1.73E+15,1.00007,0.71333,0.26799,1.84E-04,3.15E-03,9.33E-04,8.64E-03
0.8318811,0.43487,4.68E+06,2.69E+00,1.69E+15,1.00007,0.71338,0.26794,1.80E-04,3.15E-03,9.33E-04,8.64E-03
0.8337455,0.4366,4.66E+06,2.64E+00,1.65E+15,1.00007,0.71343,0.2679,1.77E-04,3.15E-03,9.33E-04,8.64E-03
0.8355925,0.43834,4.64E+06,2.59E+00,1.62E+15,1.00007,0.71348,0.26785,1.73E-04,3.15E-03,9.32E-04,8.64E-03
0.8374222,0.44008,4.62E+06,2.54E+00,1.58E+15,1.00007,0.71353,0.26781,1.70E-04,3.15E-03,9.32E-04,8.64E-03
0.8392347,0.44182,4.60E+06,2.49E+00,1.54E+15,1.00007,0.71358,0.26776,1.67E-04,3.15E-03,9.32E-04,8.64E-03
0.8410301,0.44356,4.58E+06,2.45E+00,1.51E+15,1.00007,0.71363,0.26772,1.64E-04,3.15E-03,9.32E-04,8.64E-03
0.8428087,0.4453,4.56E+06,2.40E+00,1.47E+15,1.00007,0.71368,0.26767,1.61E-04,3.15E-03,9.32E-04,8.64E-03
0.8445704,0.44705,4.54E+06,2.36E+00,1.44E+15,1.00007,0.71373,0.26763,1.59E-04,3.15E-03,9.32E-04,8.64E-03
0.8463155,0.4488,4.52E+06,2.31E+00,1.41E+15,1.00007,0.71378,0.26759,1.56E-04,3.15E-03,9.32E-04,8.64E-03
0.848044,0.45055,4.50E+06,2.27E+00,1.37E+15,1.00007,0.71383,0.26754,1.54E-04,3.15E-03,9.32E-04,8.64E-03
0.8497562,0.45231,4.48E+06,2.23E+00,1.34E+15,1.00007,0.71388,0.2675,1.51E-04,3.15E-03,9.32E-04,8.63E-03
0.8514521,0.45406,4.46E+06,2.19E+00,1.31E+15,1.00006,0.71392,0.26745,1.49E-04,3.14E-03,9.32E-04,8.63E-03
0.8531318,0.45582,4.44E+06,2.15E+00,1.28E+15,1.00006,0.71397,0.26741,1.47E-04,3.14E-03,9.32E-04,8.63E-03
0.8547956,0.45758,4.42E+06,2.11E+00,1.25E+15,1.00006,0.71402,0.26736,1.45E-04,3.14E-03,9.31E-04,8.63E-03
0.8564435,0.45935,4.40E+06,2.07E+00,1.23E+15,1.00006,0.71407,0.26732,1.43E-04,3.14E-03,9.31E-04,8.63E-03
0.8580756,0.46112,4.38E+06,2.03E+00,1.20E+15,1.00006,0.71412,0.26728,1.41E-04,3.14E-03,9.31E-04,8.63E-03
0.859692,0.46289,4.36E+06,1.99E+00,1.17E+15,1.00006,0.71416,0.26723,1.39E-04,3.14E-03,9.31E-04,8.63E-03
0.861293,0.46466,4.35E+06,1.95E+00,1.14E+15,1.00006,0.71421,0.26719,1.38E-04,3.14E-03,9.31E-04,8.63E-03
0.8628786,0.46643,4.33E+06,1.92E+00,1.12E+15,1.00006,0.71426,0.26714,1.36E-04,3.14E-03,9.31E-04,8.63E-03
0.864449,0.46821,4.31E+06,1.88E+00,1.09E+15,1.00006,0.71431,0.2671,1.34E-04,3.14E-03,9.31E-04,8.63E-03
0.8660042,0.46999,4.29E+06,1.85E+00,1.07E+15,1.00006,0.71435,0.26706,1.33E-04,3.14E-03,9.31E-04,8.63E-03
0.8675444,0.47177,4.27E+06,1.81E+00,1.04E+15,1.00006,0.7144,0.26701,1.31E-04,3.14E-03,9.31E-04,8.62E-03
0.8690697,0.47355,4.25E+06,1.78E+00,1.02E+15,1.00006,0.71445,0.26697,1.30E-04,3.14E-03,9.31E-04,8.62E-03
0.8705802,0.47534,4.23E+06,1.75E+00,9.95E+14,1.00006,0.7145,0.26693,1.29E-04,3.14E-03,9.31E-04,8.62E-03
0.8720761,0.47713,4.21E+06,1.71E+00,9.73E+14,1.00006,0.71454,0.26688,1.28E-04,3.14E-03,9.30E-04,8.62E-03
0.8735575,0.47892,4.20E+06,1.68E+00,9.50E+14,1.00006,0.71459,0.26684,1.26E-04,3.14E-03,9.30E-04,8.62E-03
0.8750244,0.48072,4.18E+06,1.65E+00,9.29E+14,1.00006,0.71464,0.26679,1.25E-04,3.14E-03,9.30E-04,8.62E-03
0.8764771,0.48251,4.16E+06,1.62E+00,9.08E+14,1.00006,0.71468,0.26675,1.24E-04,3.14E-03,9.30E-04,8.62E-03
0.8779156,0.48431,4.14E+06,1.59E+00,8.87E+14,1.00006,0.71473,0.26671,1.23E-04,3.14E-03,9.30E-04,8.62E-03
0.87934,0.48612,4.12E+06,1.56E+00,8.67E+14,1.00006,0.71478,0.26666,1.22E-04,3.14E-03,9.30E-04,8.62E-03
0.8807505,0.48792,4.10E+06,1.53E+00,8.47E+14,1.00005,0.71482,0.26662,1.21E-04,3.14E-03,9.30E-04,8.62E-03
0.8821472,0.48973,4.09E+06,1.50E+00,8.28E+14,1.00005,0.71487,0.26657,1.20E-04,3.14E-03,9.30E-04,8.62E-03
0.8835301,0.49154,4.07E+06,1.48E+00,8.09E+14,1.00005,0.71491,0.26653,1.19E-04,3.14E-03,9.30E-04,8.61E-03
0.8848995,0.49335,4.05E+06,1.45E+00,7.90E+14,1.00005,0.71496,0.26649,1.18E-04,3.14E-03,9.30E-04,8.61E-03
0.8862554,0.49517,4.03E+06,1.42E+00,7.72E+14,1.00005,0.71501,0.26644,1.17E-04,3.14E-03,9.29E-04,8.61E-03
0.8875979,0.49699,4.01E+06,1.40E+00,7.55E+14,1.00005,0.71505,0.2664,1.17E-04,3.14E-03,9.29E-04,8.61E-03
0.8889271,0.49881,4.00E+06,1.37E+00,7.37E+14,1.00005,0.7151,0.26636,1.16E-04,3.14E-03,9.29E-04,8.61E-03
0.8902432,0.50063,3.98E+06,1.35E+00,7.21E+14,1.00005,0.71515,0.26631,1.15E-04,3.14E-03,9.29E-04,8.61E-03
0.8915462,0.50246,3.96E+06,1.32E+00,7.04E+14,1.00005,0.71519,0.26627,1.15E-04,3.14E-03,9.29E-04,8.61E-03
0.8928363,0.50428,3.94E+06,1.30E+00,6.88E+14,1.00005,0.71524,0.26622,1.14E-04,3.14E-03,9.29E-04,8.61E-03
0.8941136,0.50611,3.93E+06,1.27E+00,6.72E+14,1.00005,0.71528,0.26618,1.13E-04,3.14E-03,9.29E-04,8.61E-03
0.8953782,0.50795,3.91E+06,1.25E+00,6.57E+14,1.00005,0.71533,0.26614,1.13E-04,3.14E-03,9.29E-04,8.61E-03
0.8966302,0.50978,3.89E+06,1.23E+00,6.42E+14,1.00005,0.71538,0.26609,1.12E-04,3.14E-03,9.29E-04,8.61E-03
0.8978697,0.51162,3.87E+06,1.20E+00,6.28E+14,1.00005,0.71542,0.26605,1.12E-04,3.14E-03,9.29E-04,8.61E-03
0.8990967,0.51346,3.86E+06,1.18E+00,6.13E+14,1.00005,0.71547,0.266,1.11E-04,3.14E-03,9.29E-04,8.61E-03
0.9003115,0.51531,3.84E+06,1.16E+00,5.99E+14,1.00005,0.71552,0.26596,1.11E-04,3.14E-03,9.29E-04,8.61E-03
0.9015141,0.51716,3.82E+06,1.14E+00,5.86E+14,1.00004,0.71556,0.26591,1.10E-04,3.14E-03,9.29E-04,8.60E-03
0.9027046,0.519,3.81E+06,1.12E+00,5.72E+14,1.00004,0.71561,0.26587,1.10E-04,3.14E-03,9.28E-04,8.60E-03
0.9038831,0.52086,3.79E+06,1.10E+00,5.59E+14,1.00004,0.71566,0.26582,1.09E-04,3.13E-03,9.28E-04,8.60E-03
0.9050498,0.52271,3.77E+06,1.08E+00,5.46E+14,1.00004,0.7157,0.26578,1.09E-04,3.13E-03,9.28E-04,8.60E-03
0.9062047,0.52457,3.76E+06,1.06E+00,5.34E+14,1.00004,0.71575,0.26574,1.08E-04,3.13E-03,9.28E-04,8.60E-03
0.9073479,0.52643,3.74E+06,1.04E+00,5.22E+14,1.00004,0.7158,0.26569,1.08E-04,3.13E-03,9.28E-04,8.60E-03
0.9084795,0.52829,3.72E+06,1.02E+00,5.10E+14,1.00004,0.71584,0.26565,1.08E-04,3.13E-03,9.28E-04,8.60E-03
0.9095997,0.53015,3.71E+06,9.98E-01,4.98E+14,1.00004,0.71589,0.2656,1.07E-04,3.13E-03,9.28E-04,8.60E-03
0.9107084,0.53202,3.69E+06,9.79E-01,4.87E+14,1.00004,0.71593,0.26556,1.07E-04,3.13E-03,9.28E-04,8.60E-03
0.9118059,0.53389,3.67E+06,9.61E-01,4.76E+14,1.00004,0.71598,0.26552,1.07E-04,3.13E-03,9.28E-04,8.60E-03
0.9128922,0.53576,3.66E+06,9.44E-01,4.65E+14,1.00004,0.71603,0.26547,1.06E-04,3.13E-03,9.28E-04,8.60E-03
0.9139674,0.53764,3.64E+06,9.26E-01,4.54E+14,1.00004,0.71607,0.26543,1.06E-04,3.13E-03,9.28E-04,8.60E-03
0.9150317,0.53952,3.62E+06,9.09E-01,4.44E+14,1.00004,0.71612,0.26538,1.06E-04,3.13E-03,9.28E-04,8.60E-03
0.916085,0.54139,3.61E+06,8.92E-01,4.34E+14,1.00004,0.71616,0.26534,1.06E-04,3.13E-03,9.28E-04,8.60E-03
0.9171275,0.54328,3.59E+06,8.76E-01,4.24E+14,1.00004,0.71621,0.2653,1.05E-04,3.13E-03,9.28E-04,8.60E-03
0.9181593,0.54516,3.57E+06,8.60E-01,4.14E+14,1.00004,0.71625,0.26525,1.05E-04,3.13E-03,9.28E-04,8.60E-03
0.9191805,0.54705,3.56E+06,8.44E-01,4.05E+14,1.00004,0.7163,0.26521,1.05E-04,3.13E-03,9.27E-04,8.60E-03
0.9201912,0.54894,3.54E+06,8.29E-01,3.96E+14,1.00004,0.71634,0.26517,1.05E-04,3.13E-03,9.27E-04,8.59E-03
0.9211915,0.55083,3.53E+06,8.13E-01,3.87E+14,1.00003,0.71638,0.26512,1.04E-04,3.13E-03,9.27E-04,8.59E-03
0.9221814,0.55273,3.51E+06,7.98E-01,3.78E+14,1.00003,0.71643,0.26508,1.04E-04,3.13E-03,9.27E-04,8.59E-03
0.923161,0.55462,3.49E+06,7.84E-01,3.69E+14,1.00003,0.71647,0.26504,1.04E-04,3.13E-03,9.27E-04,8.59E-03
0.9241305,0.55652,3.48E+06,7.69E-01,3.61E+14,1.00003,0.71652,0.265,1.04E-04,3.13E-03,9.27E-04,8.59E-03
0.9250899,0.55842,3.46E+06,7.55E-01,3.53E+14,1.00003,0.71656,0.26495,1.04E-04,3.13E-03,9.27E-04,8.59E-03
0.9260393,0.56033,3.45E+06,7.41E-01,3.45E+14,1.00003,0.7166,0.26491,1.03E-04,3.13E-03,9.27E-04,8.59E-03
0.9269789,0.56223,3.43E+06,7.28E-01,3.37E+14,1.00003,0.71664,0.26487,1.03E-04,3.13E-03,9.27E-04,8.59E-03
0.9279086,0.56414,3.41E+06,7.14E-01,3.29E+14,1.00003,0.71669,0.26483,1.03E-04,3.13E-03,9.27E-04,8.59E-03
0.9288285,0.56605,3.40E+06,7.01E-01,3.22E+14,1.00003,0.71673,0.26479,1.03E-04,3.13E-03,9.27E-04,8.59E-03
0.9297389,0.56797,3.38E+06,6.89E-01,3.14E+14,1.00003,0.71677,0.26475,1.03E-04,3.13E-03,9.27E-04,8.59E-03
0.9306397,0.56988,3.37E+06,6.76E-01,3.07E+14,1.00003,0.71681,0.26471,1.03E-04,3.13E-03,9.27E-04,8.59E-03
0.931531,0.5718,3.35E+06,6.64E-01,3.00E+14,1.00003,0.71685,0.26467,1.02E-04,3.13E-03,9.27E-04,8.59E-03
0.9324129,0.57372,3.34E+06,6.52E-01,2.93E+14,1.00003,0.71689,0.26463,1.02E-04,3.13E-03,9.27E-04,8.59E-03
0.9332855,0.57564,3.32E+06,6.40E-01,2.87E+14,1.00003,0.71693,0.26459,1.02E-04,3.13E-03,9.27E-04,8.59E-03
0.9341489,0.57757,3.30E+06,6.28E-01,2.80E+14,1.00003,0.71697,0.26455,1.02E-04,3.13E-03,9.27E-04,8.59E-03
0.9350032,0.57949,3.29E+06,6.17E-01,2.74E+14,1.00003,0.717,0.26451,1.02E-04,3.13E-03,9.27E-04,8.59E-03
0.9358483,0.58142,3.27E+06,6.05E-01,2.67E+14,1.00003,0.71704,0.26448,1.02E-04,3.13E-03,9.27E-04,8.59E-03
0.9366845,0.58335,3.26E+06,5.94E-01,2.61E+14,1.00003,0.71708,0.26444,1.02E-04,3.13E-03,9.27E-04,8.59E-03
0.9375118,0.58528,3.24E+06,5.83E-01,2.55E+14,1.00003,0.71711,0.26441,1.02E-04,3.13E-03,9.27E-04,8.59E-03
0.9383303,0.58722,3.23E+06,5.73E-01,2.50E+14,1.00003,0.71714,0.26437,1.02E-04,3.13E-03,9.27E-04,8.59E-03
0.93914,0.58915,3.21E+06,5.62E-01,2.44E+14,1.00002,0.71718,0.26434,1.02E-04,3.13E-03,9.27E-04,8.59E-03
0.9399411,0.59109,3.20E+06,5.52E-01,2.38E+14,1.00002,0.71721,0.26431,1.02E-04,3.13E-03,9.27E-04,8.59E-03
0.9407335,0.59303,3.18E+06,5.42E-01,2.33E+14,1.00002,0.71724,0.26428,1.01E-04,3.13E-03,9.27E-04,8.59E-03
0.9415174,0.59497,3.17E+06,5.32E-01,2.28E+14,1.00002,0.71727,0.26425,1.01E-04,3.13E-03,9.27E-04,8.59E-03
0.9422929,0.59692,3.15E+06,5.23E-01,2.22E+14,1.00002,0.7173,0.26422,1.01E-04,3.13E-03,9.27E-04,8.59E-03
0.94306,0.59886,3.14E+06,5.13E-01,2.17E+14,1.00002,0.71733,0.26419,1.00E-04,3.13E-03,9.27E-04,8.59E-03
0.9438189,0.60081,3.12E+06,5.04E-01,2.12E+14,1.00002,0.71735,0.26416,1.00E-04,3.13E-03,9.27E-04,8.59E-03
0.9445695,0.60276,3.11E+06,4.95E-01,2.07E+14,1.00002,0.71738,0.26413,1.00E-04,3.13E-03,9.27E-04,8.59E-03
0.9453119,0.60471,3.09E+06,4.86E-01,2.03E+14,1.00002,0.7174,0.26411,1.00E-04,3.13E-03,9.28E-04,8.60E-03
0.9460463,0.60666,3.08E+06,4.77E-01,1.98E+14,1.00002,0.71743,0.26408,1.00E-04,3.13E-03,9.28E-04,8.60E-03
0.9467727,0.60861,3.06E+06,4.69E-01,1.94E+14,1.00002,0.71745,0.26405,1.00E-04,3.13E-03,9.28E-04,8.60E-03
0.9474911,0.61057,3.05E+06,4.60E-01,1.89E+14,1.00002,0.71747,0.26403,1.00E-04,3.13E-03,9.28E-04,8.60E-03
0.9482017,0.61252,3.03E+06,4.52E-01,1.85E+14,1.00002,0.7175,0.264,1.00E-04,3.13E-03,9.28E-04,8.60E-03
0.9489045,0.61448,3.01E+06,4.44E-01,1.81E+14,1.00002,0.71752,0.26397,1.00E-04,3.13E-03,9.28E-04,8.60E-03
0.9495996,0.61644,3.00E+06,4.36E-01,1.77E+14,1.00002,0.71754,0.26395,1.00E-04,3.13E-03,9.28E-04,8.60E-03
0.950287,0.6184,2.98E+06,4.28E-01,1.73E+14,1.00002,0.71757,0.26392,1.00E-04,3.14E-03,9.29E-04,8.60E-03
0.9509668,0.62036,2.97E+06,4.21E-01,1.69E+14,1.00002,0.7176,0.26389,1.00E-04,3.14E-03,9.29E-04,8.61E-03
0.9516391,0.62232,2.95E+06,4.13E-01,1.65E+14,1.00002,0.71762,0.26385,1.00E-04,3.14E-03,9.29E-04,8.61E-03
0.9523039,0.62428,2.94E+06,4.06E-01,1.61E+14,1.00002,0.71765,0.26382,1.00E-04,3.14E-03,9.29E-04,8.61E-03
0.9529614,0.62625,2.92E+06,3.99E-01,1.57E+14,1.00002,0.71769,0.26378,1.00E-04,3.14E-03,9.30E-04,8.61E-03
0.9536115,0.62821,2.91E+06,3.91E-01,1.54E+14,1.00002,0.71772,0.26373,1.00E-04,3.14E-03,9.30E-04,8.62E-03
0.9542544,0.63018,2.89E+06,3.84E-01,1.50E+14,1.00002,0.71777,0.26368,1.00E-04,3.14E-03,9.30E-04,8.62E-03
0.9548901,0.63214,2.88E+06,3.78E-01,1.47E+14,1.00002,0.71781,0.26363,1.00E-04,3.14E-03,9.31E-04,8.63E-03
0.9555187,0.63411,2.86E+06,3.71E-01,1.43E+14,1.00002,0.71787,0.26356,1.00E-04,3.14E-03,9.31E-04,8.63E-03
0.9561402,0.63608,2.85E+06,3.64E-01,1.40E+14,1.00002,0.71793,0.26349,1.00E-04,3.15E-03,9.32E-04,8.64E-03
0.9567546,0.63805,2.83E+06,3.58E-01,1.37E+14,1.00002,0.718,0.26341,1.00E-04,3.15E-03,9.32E-04,8.64E-03
0.9573622,0.64001,2.82E+06,3.52E-01,1.34E+14,1.00002,0.71808,0.26332,1.00E-04,3.15E-03,9.33E-04,8.65E-03
0.9579629,0.64198,2.80E+06,3.46E-01,1.31E+14,1.00002,0.71818,0.26321,1.00E-04,3.15E-03,9.34E-04,8.65E-03
0.9585567,0.64395,2.79E+06,3.40E-01,1.28E+14,1.00002,0.71828,0.26309,1.00E-04,3.15E-03,9.34E-04,8.66E-03
0.9591438,0.64592,2.77E+06,3.34E-01,1.25E+14,1.00001,0.7184,0.26295,1.00E-04,3.16E-03,9.35E-04,8.67E-03
0.9597242,0.64789,2.76E+06,3.28E-01,1.22E+14,1.00001,0.71854,0.26279,1.00E-04,3.16E-03,9.36E-04,8.68E-03
0.960298,0.64986,2.74E+06,3.22E-01,1.19E+14,1.00001,0.7187,0.26262,1.00E-04,3.16E-03,9.37E-04,8.69E-03
0.9608652,0.65183,2.73E+06,3.16E-01,1.17E+14,1.00001,0.71887,0.26242,1.00E-04,3.17E-03,9.38E-04,8.70E-03
0.9614259,0.6538,2.71E+06,3.11E-01,1.14E+14,1.00001,0.71907,0.2622,1.00E-04,3.17E-03,9.40E-04,8.71E-03
0.9619801,0.65577,2.70E+06,3.06E-01,1.11E+14,1.00001,0.71929,0.26195,1.00E-04,3.18E-03,9.41E-04,8.72E-03
0.9625279,0.65774,2.68E+06,3.00E-01,1.09E+14,1.00001,0.71954,0.26166,1.00E-04,3.18E-03,9.43E-04,8.74E-03
0.9630693,0.65971,2.66E+06,2.95E-01,1.06E+14,1.00001,0.71982,0.26135,1.00E-04,3.19E-03,9.45E-04,8.75E-03
0.9636045,0.66168,2.65E+06,2.90E-01,1.04E+14,1.00001,0.72013,0.261,1.00E-04,3.20E-03,9.47E-04,8.77E-03
0.9641335,0.66364,2.63E+06,2.85E-01,1.02E+14,1.00001,0.72047,0.26062,1.00E-04,3.20E-03,9.49E-04,8.79E-03
0.9646562,0.66561,2.62E+06,2.80E-01,9.92E+13,1.00001,0.72084,0.26022,1.00E-04,3.21E-03,9.50E-04,8.80E-03
0.9651729,0.66757,2.60E+06,2.75E-01,9.69E+13,1.00001,0.72125,0.2598,1.00E-04,3.21E-03,9.50E-04,8.81E-03
0.9656834,0.66954,2.58E+06,2.71E-01,9.47E+13,1.00001,0.72169,0.25937,1.00E-04,3.21E-03,9.50E-04,8.80E-03
0.966188,0.6715,2.57E+06,2.66E-01,9.26E+13,1.00001,0.72216,0.25894,1.00E-04,3.20E-03,9.48E-04,8.79E-03
0.9666866,0.67346,2.55E+06,2.62E-01,9.05E+13,1.00001,0.72266,0.2585,1.00E-04,3.19E-03,9.45E-04,8.76E-03
0.9671792,0.67542,2.54E+06,2.57E-01,8.84E+13,1.00001,0.72319,0.25805,1.00E-04,3.18E-03,9.41E-04,8.72E-03
0.967666,0.67738,2.52E+06,2.53E-01,8.64E+13,1.00001,0.72374,0.25758,1.00E-04,3.16E-03,9.37E-04,8.69E-03
0.9681471,0.67934,2.50E+06,2.49E-01,8.44E+13,1.00001,0.72431,0.25708,1.00E-04,3.15E-03,9.33E-04,8.65E-03
0.9686223,0.68129,2.49E+06,2.45E-01,8.25E+13,1.00001,0.72491,0.25656,1.00E-04,3.14E-03,9.29E-04,8.61E-03
0.9690919,0.68325,2.47E+06,2.41E-01,8.06E+13,1.00001,0.72554,0.25602,1.00E-04,3.12E-03,9.25E-04,8.57E-03
0.9695558,0.6852,2.45E+06,2.37E-01,7.88E+13,1.00001,0.72619,0.25544,1.00E-04,3.11E-03,9.21E-04,8.54E-03
0.9700141,0.68715,2.44E+06,2.33E-01,7.70E+13,1.00001,0.72687,0.25484,1.00E-04,3.10E-03,9.18E-04,8.50E-03
0.9704668,0.68909,2.42E+06,2.29E-01,7.52E+13,1.00001,0.72757,0.25421,1.00E-04,3.09E-03,9.14E-04,8.47E-03
0.9709141,0.69104,2.40E+06,2.25E-01,7.35E+13,1.00001,0.7283,0.25356,1.00E-04,3.07E-03,9.10E-04,8.43E-03
0.9713558,0.69298,2.38E+06,2.21E-01,7.18E+13,1.00001,0.72906,0.25288,1.00E-04,3.06E-03,9.06E-04,8.39E-03
0.9717303,0.69464,2.37E+06,2.18E-01,7.04E+13,1.00001,0.72973,0.25228,1.00E-04,3.05E-03,9.02E-04,8.36E-03
0.9718386,0.69512,2.36E+06,2.17E-01,7.00E+13,1.00001,0.72994,0.2521,1.00E-04,3.04E-03,9.01E-04,8.35E-03
0.9719466,0.69561,2.36E+06,2.17E-01,6.96E+13,1.00001,0.73014,0.25191,1.00E-04,3.04E-03,9.00E-04,8.34E-03
0.9720542,0.69609,2.36E+06,2.16E-01,6.92E+13,1.00001,0.73034,0.25173,1.00E-04,3.04E-03,8.99E-04,8.33E-03
0.9721615,0.69657,2.35E+06,2.15E-01,6.88E+13,1.00001,0.73055,0.25155,1.00E-04,3.03E-03,8.98E-04,8.32E-03
0.9722685,0.69705,2.35E+06,2.14E-01,6.84E+13,1.00001,0.73075,0.25136,1.00E-04,3.03E-03,8.97E-04,8.31E-03
0.9723751,0.69754,2.34E+06,2.13E-01,6.80E+13,1.00001,0.73096,0.25117,1.00E-04,3.02E-03,8.96E-04,8.30E-03
0.9724814,0.69802,2.34E+06,2.12E-01,6.76E+13,1.00001,0.73117,0.25098,1.00E-04,3.02E-03,8.95E-04,8.29E-03
0.9725874,0.6985,2.33E+06,2.11E-01,6.73E+13,1.00001,0.73139,0.25079,1.00E-04,3.02E-03,8.94E-04,8.28E-03
0.9726931,0.69898,2.33E+06,2.11E-01,6.69E+13,1.00001,0.7316,0.2506,1.00E-04,3.01E-03,8.93E-04,8.27E-03
0.9727984,0.69946,2.32E+06,2.10E-01,6.65E+13,1.00001,0.73182,0.2504,1.00E-04,3.01E-03,8.92E-04,8.26E-03
0.9729034,0.69994,2.32E+06,2.09E-01,6.61E+13,1.00001,0.73204,0.2502,1.00E-04,3.01E-03,8.91E-04,8.26E-03
0.9730081,0.70042,2.32E+06,2.08E-01,6.57E+13,1.00001,0.73226,0.25,1.00E-04,3.00E-03,8.90E-04,8.25E-03
0.9731124,0.70091,2.31E+06,2.07E-01,6.54E+13,1.00001,0.73248,0.2498,1.00E-04,3.00E-03,8.89E-04,8.23E-03
0.9732164,0.70139,2.31E+06,2.06E-01,6.50E+13,1.00001,0.7327,0.2496,1.00E-04,3.00E-03,8.88E-04,8.22E-03
0.9733201,0.70187,2.30E+06,2.06E-01,6.46E+13,1.00001,0.73293,0.24939,1.00E-04,2.99E-03,8.86E-04,8.21E-03
0.9734235,0.70235,2.30E+06,2.05E-01,6.42E+13,1.00001,0.73316,0.24919,1.00E-04,2.99E-03,8.85E-04,8.20E-03
0.9735265,0.70283,2.29E+06,2.04E-01,6.39E+13,1.00001,0.73339,0.24898,1.00E-04,2.98E-03,8.84E-04,8.19E-03
0.9736293,0.7033,2.29E+06,2.03E-01,6.35E+13,1.00001,0.73362,0.24877,1.00E-04,2.98E-03,8.83E-04,8.18E-03
0.9737317,0.70378,2.28E+06,2.02E-01,6.31E+13,1.00001,0.73385,0.24856,1.00E-04,2.98E-03,8.82E-04,8.17E-03
0.9738337,0.70426,2.28E+06,2.02E-01,6.28E+13,1.00001,0.73409,0.24834,1.00E-04,2.97E-03,8.81E-04,8.16E-03
0.9739355,0.70474,2.27E+06,2.01E-01,6.24E+13,1.00001,0.73433,0.24813,1.00E-04,2.97E-03,8.80E-04,8.15E-03
0.9740369,0.70522,2.27E+06,2.00E-01,6.21E+13,1.00001,0.73457,0.24791,1.00E-04,2.97E-03,8.78E-04,8.14E-03
0.9741381,0.7057,2.27E+06,1.99E-01,6.17E+13,1.00001,0.73481,0.24769,1.00E-04,2.96E-03,8.77E-04,8.13E-03
0.9742389,0.70617,2.26E+06,1.99E-01,6.13E+13,1.00001,0.73506,0.24747,1.00E-04,2.96E-03,8.76E-04,8.12E-03
0.9743394,0.70665,2.26E+06,1.98E-01,6.10E+13,1.00001,0.7353,0.24725,1.00E-04,2.95E-03,8.75E-04,8.11E-03
0.9744395,0.70713,2.25E+06,1.97E-01,6.06E+13,1.00001,0.73555,0.24703,1.00E-04,2.95E-03,8.74E-04,8.09E-03
0.9745394,0.7076,2.25E+06,1.96E-01,6.03E+13,1.00001,0.7358,0.2468,1.00E-04,2.95E-03,8.72E-04,8.08E-03
0.9746389,0.70808,2.24E+06,1.96E-01,5.99E+13,1.00001,0.73606,0.24657,1.00E-04,2.94E-03,8.71E-04,8.07E-03
0.9747381,0.70856,2.24E+06,1.95E-01,5.96E+13,1.00001,0.73631,0.24634,1.00E-04,2.94E-03,8.70E-04,8.06E-03
0.9748371,0.70903,2.23E+06,1.94E-01,5.93E+13,1.00001,0.73657,0.24611,1.00E-04,2.93E-03,8.69E-04,8.05E-03
0.9749356,0.70951,2.23E+06,1.93E-01,5.89E+13,1.00001,0.73683,0.24587,1.00E-04,2.93E-03,8.67E-04,8.04E-03
0.9750339,0.70998,2.22E+06,1.93E-01,5.86E+13,1.00001,0.73709,0.24564,1.00E-04,2.92E-03,8.66E-04,8.02E-03
0.9751319,0.71046,2.22E+06,1.92E-01,5.82E+13,1.00001,0.73735,0.2454,1.00E-04,2.92E-03,8.65E-04,8.01E-03
0.9752296,0.71093,2.21E+06,1.91E-01,5.79E+13,1.00001,0.73762,0.24516,1.00E-04,2.92E-03,8.63E-04,8.00E-03
0.9753269,0.71141,2.21E+06,1.90E-01,5.76E+13,1.00001,0.73789,0.24492,1.00E-04,2.91E-03,8.62E-04,7.99E-03
0.9754239,0.71188,2.20E+06,1.90E-01,5.72E+13,1.00001,0.73816,0.24469,1.00E-04,2.90E-03,8.60E-04,7.97E-03
0.9755207,0.71235,2.20E+06,1.89E-01,5.69E+13,1.00001,0.73843,0.24444,1.00E-04,2.90E-03,8.59E-04,7.96E-03
0.9756171,0.71282,2.19E+06,1.88E-01,5.66E+13,1.00001,0.7387,0.24419,1.00E-04,2.90E-03,8.58E-04,7.95E-03
0.9757132,0.7133,2.19E+06,1.88E-01,5.63E+13,1.00001,0.73898,0.24393,1.00E-04,2.89E-03,8.57E-04,7.94E-03
0.975809,0.71377,2.18E+06,1.87E-01,5.59E+13,1.00001,0.73925,0.2437,1.00E-04,2.88E-03,8.54E-04,7.92E-03
0.9759046,0.71424,2.18E+06,1.86E-01,5.56E+13,1.00001,0.73925,0.2437,1.00E-04,2.88E-03,8.54E-04,7.92E-03
0.9759999,0.71471,2.17E+06,1.86E-01,5.53E+13,1.00001,0.73925,0.2437,1.00E-04,2.88E-03,8.54E-04,7.92E-03
0.9760949,0.71518,2.17E+06,1.85E-01,5.50E+13,1.00001,0.73925,0.2437,1.00E-04,2.88E-03,8.54E-04,7.92E-03
0.9761896,0.71565,2.16E+06,1.84E-01,5.47E+13,1.00001,0.73925,0.2437,1.00E-04,2.88E-03,8.54E-04,7.92E-03
0.976284,0.71612,2.16E+06,1.84E-01,5.44E+13,1.00001,0.73925,0.2437,1.00E-04,2.88E-03,8.54E-04,7.92E-03
0.9763781,0.71659,2.15E+06,1.83E-01,5.40E+13,1.00001,0.73925,0.2437,1.00E-04,2.88E-03,8.54E-04,7.92E-03
0.9764719,0.71706,2.15E+06,1.82E-01,5.37E+13,1.00001,0.73925,0.2437,1.00E-04,2.88E-03,8.54E-04,7.92E-03
0.9765654,0.71753,2.14E+06,1.82E-01,5.34E+13,1.00001,0.73925,0.2437,1.00E-04,2.88E-03,8.54E-04,7.92E-03
0.9766586,0.718,2.14E+06,1.81E-01,5.31E+13,1.00001,0.73925,0.2437,1.00E-04,2.88E-03,8.54E-04,7.92E-03
0.9767514,0.71847,2.13E+06,1.81E-01,5.28E+13,1.00001,0.73925,0.2437,1.00E-04,2.88E-03,8.54E-04,7.92E-03
0.976844,0.71893,2.13E+06,1.80E-01,5.25E+13,1.00001,0.73925,0.2437,1.00E-04,2.88E-03,8.54E-04,7.92E-03
0.9769363,0.7194,2.12E+06,1.79E-01,5.22E+13,1.00001,0.73925,0.2437,1.00E-04,2.88E-03,8.54E-04,7.92E-03
0.9770282,0.71987,2.12E+06,1.79E-01,5.19E+13,1.00001,0.73925,0.2437,1.00E-04,2.88E-03,8.54E-04,7.92E-03
0.9771199,0.72033,2.12E+06,1.78E-01,5.16E+13,1.00001,0.73925,0.2437,1.00E-04,2.88E-03,8.54E-04,7.92E-03
0.9772113,0.7208,2.11E+06,1.77E-01,5.13E+13,1.00001,0.73925,0.2437,1.00E-04,2.88E-03,8.54E-04,7.92E-03
0.9773023,0.72126,2.11E+06,1.77E-01,5.10E+13,1.00001,0.73925,0.2437,1.00E-04,2.88E-03,8.54E-04,7.92E-03
0.9773931,0.72172,2.10E+06,1.76E-01,5.07E+13,1.00001,0.73925,0.2437,1.00E-04,2.88E-03,8.54E-04,7.92E-03
0.9774836,0.72219,2.10E+06,1.76E-01,5.04E+13,1.00001,0.73925,0.2437,1.00E-04,2.88E-03,8.54E-04,7.92E-03
0.9775738,0.72265,2.09E+06,1.75E-01,5.01E+13,1.00001,0.73925,0.2437,1.00E-04,2.88E-03,8.54E-04,7.92E-03
0.9776636,0.72311,2.09E+06,1.74E-01,4.99E+13,1.00001,0.73925,0.2437,1.00E-04,2.88E-03,8.54E-04,7.92E-03
0.9777532,0.72357,2.08E+06,1.74E-01,4.96E+13,1.00001,0.73925,0.2437,1.00E-04,2.88E-03,8.54E-04,7.92E-03
0.9778425,0.72404,2.08E+06,1.73E-01,4.93E+13,1.00001,0.73925,0.2437,1.00E-04,2.88E-03,8.54E-04,7.92E-03
0.9779315,0.7245,2.07E+06,1.73E-01,4.90E+13,1.00001,0.73925,0.2437,1.00E-04,2.88E-03,8.54E-04,7.92E-03
0.9780202,0.72496,2.07E+06,1.72E-01,4.87E+13,1.00001,0.73925,0.2437,1.00E-04,2.88E-03,8.54E-04,7.92E-03
0.9781086,0.72542,2.06E+06,1.71E-01,4.84E+13,1.00001,0.73925,0.2437,1.00E-04,2.88E-03,8.54E-04,7.92E-03
0.9781967,0.72588,2.06E+06,1.71E-01,4.82E+13,1.00001,0.73925,0.2437,1.00E-04,2.88E-03,8.54E-04,7.92E-03
0.9782845,0.72634,2.05E+06,1.70E-01,4.79E+13,1.00001,0.73925,0.2437,1.00E-04,2.88E-03,8.54E-04,7.92E-03
0.9783721,0.72679,2.05E+06,1.70E-01,4.76E+13,1.00001,0.73925,0.2437,1.00E-04,2.88E-03,8.54E-04,7.92E-03
0.9784593,0.72725,2.04E+06,1.69E-01,4.73E+13,1.00001,0.73925,0.2437,1.00E-04,2.88E-03,8.54E-04,7.92E-03
0.9785462,0.72771,2.04E+06,1.68E-01,4.71E+13,1.00001,0.73925,0.2437,1.00E-04,2.88E-03,8.54E-04,7.92E-03
0.9786329,0.72816,2.03E+06,1.68E-01,4.68E+13,1.00001,0.73925,0.2437,1.00E-04,2.88E-03,8.54E-04,7.92E-03
0.9787193,0.72862,2.03E+06,1.67E-01,4.65E+13,1.00001,0.73925,0.2437,1.00E-04,2.88E-03,8.54E-04,7.92E-03
0.9788053,0.72908,2.03E+06,1.67E-01,4.63E+13,1.00001,0.73925,0.2437,1.00E-04,2.88E-03,8.54E-04,7.92E-03
0.9788911,0.72953,2.02E+06,1.66E-01,4.60E+13,1,0.73925,0.2437,1.00E-04,2.88E-03,8.54E-04,7.92E-03
0.9789766,0.72999,2.02E+06,1.66E-01,4.57E+13,1,0.73925,0.2437,1.00E-04,2.88E-03,8.54E-04,7.92E-03
0.9790618,0.73044,2.01E+06,1.65E-01,4.55E+13,1,0.73925,0.2437,1.00E-04,2.88E-03,8.54E-04,7.92E-03
0.9791463,0.73089,2.01E+06,1.64E-01,4.52E+13,1,0.73925,0.2437,1.00E-04,2.88E-03,8.54E-04,7.92E-03
0.9794832,0.7327,1.99E+06,1.62E-01,4.42E+13,1,0.73925,0.2437,1.00E-04,2.88E-03,8.54E-04,7.92E-03
0.9798155,0.7345,1.97E+06,1.60E-01,4.32E+13,1,0.73925,0.2437,1.00E-04,2.88E-03,8.54E-04,7.92E-03
0.9801433,0.73629,1.95E+06,1.58E-01,4.22E+13,1,0.73925,0.2437,1.00E-04,2.88E-03,8.54E-04,7.92E-03
0.9804667,0.73808,1.93E+06,1.56E-01,4.12E+13,1,0.73925,0.2437,1.00E-04,2.88E-03,8.54E-04,7.92E-03
0.9807856,0.73985,1.92E+06,1.53E-01,4.03E+13,1,0.73925,0.2437,1.00E-04,2.88E-03,8.54E-04,7.92E-03
0.9811002,0.74162,1.90E+06,1.51E-01,3.94E+13,1,0.73925,0.2437,1.00E-04,2.88E-03,8.54E-04,7.92E-03
0.9814105,0.74338,1.88E+06,1.49E-01,3.85E+13,1,0.73925,0.2437,1.00E-04,2.88E-03,8.54E-04,7.92E-03
0.9817164,0.74513,1.87E+06,1.47E-01,3.76E+13,1,0.73925,0.2437,1.00E-04,2.88E-03,8.54E-04,7.92E-03
0.9820181,0.74687,1.85E+06,1.45E-01,3.67E+13,1,0.73925,0.2437,1.00E-04,2.88E-03,8.54E-04,7.92E-03
0.9823156,0.7486,1.83E+06,1.43E-01,3.59E+13,1,0.73925,0.2437,1.00E-04,2.88E-03,8.54E-04,7.92E-03
0.9826089,0.75033,1.82E+06,1.41E-01,3.51E+13,1,0.73925,0.2437,1.00E-04,2.88E-03,8.54E-04,7.92E-03
0.9828981,0.75204,1.80E+06,1.39E-01,3.43E+13,1,0.73925,0.2437,1.00E-04,2.88E-03,8.54E-04,7.92E-03
0.9831832,0.75375,1.78E+06,1.37E-01,3.35E+13,1,0.73925,0.2437,1.00E-04,2.88E-03,8.54E-04,7.92E-03
0.9834643,0.75545,1.77E+06,1.35E-01,3.27E+13,1,0.73925,0.2437,1.00E-04,2.88E-03,8.54E-04,7.92E-03
0.9837413,0.75714,1.75E+06,1.34E-01,3.20E+13,1,0.73925,0.2437,1.00E-04,2.88E-03,8.54E-04,7.92E-03
0.9840144,0.75882,1.73E+06,1.32E-01,3.13E+13,1,0.73925,0.2437,1.00E-04,2.88E-03,8.54E-04,7.92E-03
0.9842836,0.7605,1.72E+06,1.30E-01,3.06E+13,1,0.73925,0.2437,1.00E-04,2.88E-03,8.54E-04,7.92E-03
0.9845488,0.76216,1.70E+06,1.28E-01,2.99E+13,1,0.73925,0.2437,1.00E-04,2.88E-03,8.54E-04,7.92E-03
0.9848102,0.76382,1.69E+06,1.26E-01,2.92E+13,1,0.73925,0.2437,1.00E-04,2.88E-03,8.54E-04,7.92E-03
0.9850678,0.76547,1.67E+06,1.25E-01,2.85E+13,1,0.73925,0.2437,1.00E-04,2.88E-03,8.54E-04,7.92E-03
0.9853217,0.76711,1.66E+06,1.23E-01,2.79E+13,1,0.73925,0.2437,1.00E-04,2.88E-03,8.54E-04,7.92E-03
0.9855718,0.76874,1.64E+06,1.21E-01,2.72E+13,1,0.73925,0.2437,1.00E-04,2.88E-03,8.54E-04,7.92E-03
0.9858183,0.77036,1.63E+06,1.20E-01,2.66E+13,1,0.73925,0.2437,1.00E-04,2.88E-03,8.54E-04,7.92E-03
0.9860611,0.77198,1.61E+06,1.18E-01,2.60E+13,1,0.73925,0.2437,1.00E-04,2.88E-03,8.54E-04,7.92E-03
0.9863002,0.77358,1.60E+06,1.16E-01,2.54E+13,1,0.73925,0.2437,1.00E-04,2.88E-03,8.54E-04,7.92E-03
0.9865359,0.77518,1.58E+06,1.15E-01,2.48E+13,1,0.73925,0.2437,1.00E-04,2.88E-03,8.54E-04,7.92E-03
0.986768,0.77677,1.57E+06,1.13E-01,2.43E+13,1,0.73925,0.2437,1.00E-04,2.88E-03,8.54E-04,7.92E-03
0.9869966,0.77835,1.55E+06,1.12E-01,2.37E+13,1,0.73925,0.2437,1.00E-04,2.88E-03,8.54E-04,7.92E-03
0.9872218,0.77992,1.54E+06,1.10E-01,2.32E+13,1,0.73925,0.2437,1.00E-04,2.88E-03,8.54E-04,7.92E-03
0.9874435,0.78148,1.53E+06,1.09E-01,2.26E+13,1,0.73925,0.2437,1.00E-04,2.88E-03,8.54E-04,7.92E-03
0.9876619,0.78304,1.51E+06,1.07E-01,2.21E+13,1,0.73925,0.2437,1.00E-04,2.88E-03,8.54E-04,7.92E-03
0.987877,0.78458,1.50E+06,1.06E-01,2.16E+13,1,0.73925,0.2437,1.00E-04,2.88E-03,8.54E-04,7.92E-03
0.9880888,0.78612,1.49E+06,1.04E-01,2.11E+13,1,0.73925,0.2437,1.00E-04,2.88E-03,8.54E-04,7.92E-03
0.9882973,0.78765,1.47E+06,1.03E-01,2.07E+13,1,0.73925,0.2437,1.00E-04,2.88E-03,8.54E-04,7.92E-03
0.9885027,0.78917,1.46E+06,1.01E-01,2.02E+13,1,0.73925,0.2437,1.00E-04,2.88E-03,8.54E-04,7.92E-03
0.9887048,0.79068,1.44E+06,9.99E-02,1.97E+13,1,0.73925,0.2437,1.00E-04,2.88E-03,8.54E-04,7.92E-03
0.9889038,0.79219,1.43E+06,9.85E-02,1.93E+13,1,0.73925,0.2437,1.00E-04,2.88E-03,8.54E-04,7.92E-03
0.9890998,0.79368,1.42E+06,9.72E-02,1.88E+13,1,0.73925,0.2437,1.00E-04,2.88E-03,8.54E-04,7.92E-03
0.9892926,0.79517,1.41E+06,9.58E-02,1.84E+13,1,0.73925,0.2437,1.00E-04,2.88E-03,8.54E-04,7.92E-03
0.9894825,0.79665,1.39E+06,9.45E-02,1.80E+13,1,0.73925,0.2437,1.00E-04,2.88E-03,8.54E-04,7.92E-03
0.9896694,0.79812,1.38E+06,9.32E-02,1.76E+13,1,0.73925,0.2437,1.00E-04,2.88E-03,8.54E-04,7.92E-03
0.9898533,0.79958,1.37E+06,9.19E-02,1.72E+13,1,0.73925,0.2437,1.00E-04,2.88E-03,8.54E-04,7.92E-03
0.9900343,0.80103,1.36E+06,9.07E-02,1.68E+13,1,0.73925,0.2437,1.00E-04,2.88E-03,8.54E-04,7.92E-03
0.9902124,0.80248,1.34E+06,8.94E-02,1.64E+13,1,0.73925,0.2437,1.00E-04,2.88E-03,8.54E-04,7.92E-03
0.9903877,0.80392,1.33E+06,8.82E-02,1.60E+13,1,0.73925,0.2437,1.00E-04,2.88E-03,8.54E-04,7.92E-03
0.9905602,0.80535,1.32E+06,8.70E-02,1.57E+13,1,0.73925,0.2437,1.00E-04,2.88E-03,8.54E-04,7.92E-03
0.99073,0.80677,1.31E+06,8.58E-02,1.53E+13,1,0.73925,0.2437,1.00E-04,2.88E-03,8.54E-04,7.92E-03
0.990897,0.80818,1.30E+06,8.46E-02,1.50E+13,1,0.73925,0.2437,1.00E-04,2.88E-03,8.54E-04,7.92E-03
0.9910613,0.80958,1.28E+06,8.34E-02,1.46E+13,1,0.73925,0.2437,1.00E-04,2.88E-03,8.54E-04,7.92E-03
0.991223,0.81098,1.27E+06,8.23E-02,1.43E+13,1,0.73925,0.2437,1.00E-04,2.88E-03,8.54E-04,7.92E-03
0.991382,0.81236,1.26E+06,8.12E-02,1.40E+13,1,0.73925,0.2437,1.00E-04,2.88E-03,8.54E-04,7.92E-03
0.9915385,0.81374,1.25E+06,8.00E-02,1.36E+13,1,0.73925,0.2437,1.00E-04,2.88E-03,8.54E-04,7.92E-03
0.9916924,0.81511,1.24E+06,7.89E-02,1.33E+13,1,0.73925,0.2437,1.00E-04,2.88E-03,8.54E-04,7.92E-03
0.9918438,0.81648,1.23E+06,7.79E-02,1.30E+13,1,0.73925,0.2437,1.00E-04,2.88E-03,8.54E-04,7.92E-03
0.9919927,0.81783,1.22E+06,7.68E-02,1.27E+13,1,0.73925,0.2437,1.00E-04,2.88E-03,8.54E-04,7.92E-03
0.9921392,0.81918,1.20E+06,7.57E-02,1.24E+13,1,0.73925,0.2437,1.00E-04,2.88E-03,8.54E-04,7.92E-03
0.9922832,0.82051,1.19E+06,7.47E-02,1.22E+13,1,0.73925,0.2437,1.00E-04,2.88E-03,8.54E-04,7.92E-03
0.9924249,0.82184,1.18E+06,7.37E-02,1.19E+13,1,0.73925,0.2437,1.00E-04,2.88E-03,8.54E-04,7.92E-03
0.9925642,0.82316,1.17E+06,7.27E-02,1.16E+13,1,0.73925,0.2437,1.00E-04,2.88E-03,8.54E-04,7.92E-03
0.9927012,0.82448,1.16E+06,7.17E-02,1.13E+13,1,0.73925,0.2437,1.00E-04,2.88E-03,8.54E-04,7.92E-03
0.9928359,0.82578,1.15E+06,7.07E-02,1.11E+13,1,0.73925,0.2437,1.00E-04,2.88E-03,8.54E-04,7.92E-03
0.9929683,0.82708,1.14E+06,6.97E-02,1.08E+13,1,0.73925,0.2437,1.00E-04,2.88E-03,8.54E-04,7.92E-03
0.9930985,0.82837,1.13E+06,6.88E-02,1.06E+13,1,0.73925,0.2437,1.00E-04,2.88E-03,8.54E-04,7.92E-03
0.9932266,0.82965,1.12E+06,6.78E-02,1.03E+13,1,0.73925,0.2437,1.00E-04,2.88E-03,8.54E-04,7.92E-03
0.9933524,0.83092,1.11E+06,6.69E-02,1.01E+13,1,0.73925,0.2437,1.00E-04,2.88E-03,8.54E-04,7.92E-03
0.9934762,0.83219,1.10E+06,6.60E-02,9.88E+12,1,0.73925,0.2437,1.00E-04,2.88E-03,8.54E-04,7.92E-03
0.9935978,0.83345,1.09E+06,6.51E-02,9.65E+12,1,0.73925,0.2437,1.00E-04,2.88E-03,8.54E-04,7.92E-03
0.9937174,0.8347,1.08E+06,6.42E-02,9.43E+12,1,0.73925,0.2437,1.00E-04,2.88E-03,8.54E-04,7.92E-03
0.9938349,0.83594,1.07E+06,6.33E-02,9.22E+12,1,0.73925,0.2437,1.00E-04,2.88E-03,8.54E-04,7.92E-03
0.9939505,0.83717,1.06E+06,6.24E-02,9.01E+12,1,0.73925,0.2437,1.00E-04,2.88E-03,8.54E-04,7.92E-03
0.994064,0.8384,1.05E+06,6.16E-02,8.80E+12,1,0.73925,0.2437,1.00E-04,2.88E-03,8.54E-04,7.92E-03
0.9941756,0.83961,1.04E+06,6.07E-02,8.60E+12,1,0.73925,0.2437,1.00E-04,2.88E-03,8.54E-04,7.92E-03
0.9942853,0.84082,1.03E+06,5.99E-02,8.41E+12,1,0.73925,0.2437,1.00E-04,2.88E-03,8.54E-04,7.92E-03
0.9943931,0.84203,1.02E+06,5.90E-02,8.22E+12,1,0.73925,0.2437,1.00E-04,2.88E-03,8.54E-04,7.92E-03
0.994499,0.84322,1.01E+06,5.82E-02,8.03E+12,1,0.73925,0.2437,1.00E-04,2.88E-03,8.54E-04,7.92E-03
0.9946031,0.84441,1.00E+06,5.74E-02,7.85E+12,1,0.73925,0.2437,1.00E-04,2.88E-03,8.54E-04,7.92E-03
0.9947054,0.84559,9.94E+05,5.67E-02,7.67E+12,1,0.73925,0.2437,1.00E-04,2.88E-03,8.54E-04,7.92E-03
0.9948059,0.84676,9.85E+05,5.59E-02,7.49E+12,1,0.73925,0.2437,1.00E-04,2.88E-03,8.54E-04,7.92E-03
0.9949046,0.84792,9.76E+05,5.51E-02,7.32E+12,1,0.73925,0.2437,1.00E-04,2.88E-03,8.54E-04,7.92E-03
0.9950016,0.84908,9.67E+05,5.44E-02,7.15E+12,1,0.73925,0.2437,1.00E-04,2.88E-03,8.54E-04,7.92E-03
0.9950969,0.85023,9.58E+05,5.36E-02,6.99E+12,1,0.73925,0.2437,1.00E-04,2.88E-03,8.54E-04,7.92E-03
0.9951905,0.85137,9.49E+05,5.29E-02,6.83E+12,1,0.73925,0.2437,1.00E-04,2.88E-03,8.54E-04,7.92E-03
0.9952825,0.8525,9.41E+05,5.21E-02,6.68E+12,1,0.73925,0.2437,1.00E-04,2.88E-03,8.54E-04,7.92E-03
0.9953728,0.85363,9.32E+05,5.14E-02,6.53E+12,1,0.73925,0.2437,1.00E-04,2.88E-03,8.54E-04,7.92E-03
0.9954616,0.85474,9.24E+05,5.07E-02,6.38E+12,1,0.73925,0.2437,1.00E-04,2.88E-03,8.54E-04,7.92E-03
0.9955488,0.85586,9.15E+05,5.00E-02,6.23E+12,1,0.73925,0.2437,1.00E-04,2.88E-03,8.54E-04,7.92E-03
0.9956344,0.85696,9.07E+05,4.93E-02,6.09E+12,1,0.73925,0.2437,1.00E-04,2.88E-03,8.54E-04,7.92E-03
0.9957185,0.85805,8.99E+05,4.87E-02,5.95E+12,1,0.73925,0.2437,1.00E-04,2.88E-03,8.54E-04,7.92E-03
0.9958011,0.85914,8.91E+05,4.80E-02,5.82E+12,1,0.73925,0.2437,1.00E-04,2.88E-03,8.54E-04,7.92E-03
0.9958822,0.86022,8.83E+05,4.73E-02,5.68E+12,1,0.73925,0.2437,1.00E-04,2.88E-03,8.54E-04,7.92E-03
0.9959618,0.8613,8.75E+05,4.67E-02,5.55E+12,1,0.73925,0.2437,1.00E-04,2.88E-03,8.54E-04,7.92E-03
0.9960401,0.86237,8.67E+05,4.60E-02,5.43E+12,1,0.73925,0.2437,1.00E-04,2.88E-03,8.54E-04,7.92E-03
0.9961169,0.86343,8.59E+05,4.54E-02,5.30E+12,1,0.73925,0.2437,1.00E-04,2.88E-03,8.54E-04,7.92E-03
0.9961923,0.86448,8.51E+05,4.48E-02,5.18E+12,1,0.73925,0.2437,1.00E-04,2.88E-03,8.54E-04,7.92E-03
0.9962664,0.86552,8.43E+05,4.42E-02,5.06E+12,1,0.73925,0.2437,1.00E-04,2.88E-03,8.54E-04,7.92E-03
0.9963391,0.86656,8.36E+05,4.36E-02,4.95E+12,1,0.73925,0.2437,1.00E-04,2.88E-03,8.54E-04,7.92E-03
0.9964105,0.86759,8.28E+05,4.30E-02,4.84E+12,1,0.73925,0.2437,1.00E-04,2.88E-03,8.54E-04,7.92E-03
0.9964806,0.86861,8.21E+05,4.24E-02,4.73E+12,1,0.73925,0.2437,1.00E-04,2.88E-03,8.54E-04,7.92E-03
0.9965494,0.86963,8.13E+05,4.18E-02,4.62E+12,1,0.73925,0.2437,1.00E-04,2.88E-03,8.54E-04,7.92E-03
0.996617,0.87064,8.06E+05,4.12E-02,4.51E+12,1,0.73925,0.2437,1.00E-04,2.88E-03,8.54E-04,7.92E-03
0.9966833,0.87164,7.98E+05,4.07E-02,4.41E+12,1,0.73925,0.2437,1.00E-04,2.88E-03,8.54E-04,7.92E-03
0.9967484,0.87264,7.91E+05,4.01E-02,4.31E+12,1,0.73925,0.2437,1.00E-04,2.88E-03,8.54E-04,7.92E-03
0.9968123,0.87363,7.84E+05,3.96E-02,4.21E+12,1,0.73925,0.2437,1.00E-04,2.88E-03,8.54E-04,7.92E-03
0.996875,0.87461,7.77E+05,3.90E-02,4.12E+12,1,0.73925,0.2437,1.00E-04,2.88E-03,8.54E-04,7.92E-03
0.9969366,0.87558,7.70E+05,3.85E-02,4.02E+12,1,0.73925,0.2437,1.00E-04,2.88E-03,8.54E-04,7.92E-03
0.996997,0.87655,7.63E+05,3.80E-02,3.93E+12,1,0.73925,0.2437,1.00E-04,2.88E-03,8.54E-04,7.92E-03
0.9970564,0.87751,7.56E+05,3.74E-02,3.84E+12,1,0.73925,0.2437,1.00E-04,2.88E-03,8.54E-04,7.92E-03
0.9971146,0.87846,7.49E+05,3.69E-02,3.75E+12,1,0.73925,0.2437,1.00E-04,2.88E-03,8.54E-04,7.92E-03
0.9971717,0.87941,7.42E+05,3.64E-02,3.67E+12,1,0.73925,0.2437,1.00E-04,2.88E-03,8.54E-04,7.92E-03
0.9972278,0.88035,7.36E+05,3.59E-02,3.59E+12,1,0.73925,0.2437,1.00E-04,2.88E-03,8.54E-04,7.92E-03
0.9972828,0.88129,7.29E+05,3.54E-02,3.50E+12,1,0.73925,0.2437,1.00E-04,2.88E-03,8.54E-04,7.92E-03
0.9973368,0.88221,7.22E+05,3.49E-02,3.42E+12,1,0.73925,0.2437,1.00E-04,2.88E-03,8.54E-04,7.92E-03
0.9973898,0.88313,7.16E+05,3.45E-02,3.35E+12,1,0.73925,0.2437,1.00E-04,2.88E-03,8.54E-04,7.92E-03
0.9974418,0.88405,7.09E+05,3.40E-02,3.27E+12,1,0.73925,0.2437,1.00E-04,2.88E-03,8.54E-04,7.92E-03
0.9974928,0.88496,7.03E+05,3.35E-02,3.20E+12,1,0.73925,0.2437,1.00E-04,2.88E-03,8.54E-04,7.92E-03
0.9975428,0.88586,6.96E+05,3.31E-02,3.12E+12,1,0.73925,0.2437,1.00E-04,2.88E-03,8.54E-04,7.92E-03
0.997592,0.88675,6.90E+05,3.26E-02,3.05E+12,1,0.73925,0.2437,1.00E-04,2.88E-03,8.54E-04,7.92E-03
0.9976401,0.88764,6.84E+05,3.22E-02,2.98E+12,1,0.73925,0.2437,1.00E-04,2.88E-03,8.54E-04,7.92E-03
0.9976874,0.88852,6.78E+05,3.17E-02,2.91E+12,1,0.73925,0.2437,1.00E-04,2.88E-03,8.54E-04,7.92E-03
0.9977338,0.8894,6.72E+05,3.13E-02,2.85E+12,1,0.73925,0.2437,1.00E-04,2.88E-03,8.54E-04,7.92E-03
0.9977793,0.89026,6.65E+05,3.08E-02,2.78E+12,1,0.73925,0.2437,1.00E-04,2.88E-03,8.54E-04,7.92E-03
0.9978239,0.89113,6.59E+05,3.04E-02,2.72E+12,1,0.73925,0.2437,1.00E-04,2.88E-03,8.54E-04,7.92E-03
0.9978677,0.89198,6.53E+05,3.00E-02,2.66E+12,1,0.73925,0.2437,1.00E-04,2.88E-03,8.54E-04,7.92E-03
0.9979106,0.89283,6.48E+05,2.96E-02,2.60E+12,1,0.73925,0.2437,1.00E-04,2.88E-03,8.54E-04,7.92E-03
0.9979528,0.89368,6.42E+05,2.92E-02,2.54E+12,1,0.73925,0.2437,1.00E-04,2.88E-03,8.54E-04,7.92E-03
0.9979941,0.89451,6.36E+05,2.88E-02,2.48E+12,1,0.73925,0.2437,1.00E-04,2.88E-03,8.54E-04,7.92E-03
0.9980346,0.89534,6.30E+05,2.84E-02,2.42E+12,1,0.73925,0.2437,1.00E-04,2.88E-03,8.54E-04,7.92E-03
0.9980744,0.89617,6.24E+05,2.80E-02,2.37E+12,1,0.73925,0.2437,1.00E-04,2.88E-03,8.54E-04,7.92E-03
0.9981133,0.89699,6.19E+05,2.76E-02,2.31E+12,1,0.73925,0.2437,1.00E-04,2.88E-03,8.54E-04,7.92E-03
0.9981516,0.8978,6.13E+05,2.72E-02,2.26E+12,1,0.73925,0.2437,1.00E-04,2.88E-03,8.54E-04,7.92E-03
0.9981891,0.89861,6.08E+05,2.69E-02,2.21E+12,1,0.73925,0.2437,1.00E-04,2.88E-03,8.54E-04,7.92E-03
0.9982258,0.89941,6.02E+05,2.65E-02,2.16E+12,1,0.73925,0.2437,1.00E-04,2.88E-03,8.54E-04,7.92E-03
0.9982619,0.9002,5.97E+05,2.61E-02,2.11E+12,1,0.73925,0.2437,1.00E-04,2.88E-03,8.54E-04,7.92E-03
0.9982973,0.90099,5.91E+05,2.58E-02,2.06E+12,1,0.73925,0.2437,1.00E-04,2.88E-03,8.54E-04,7.92E-03
0.998332,0.90178,5.86E+05,2.54E-02,2.02E+12,1,0.73925,0.2437,1.00E-04,2.88E-03,8.54E-04,7.92E-03
0.998366,0.90255,5.81E+05,2.51E-02,1.97E+12,1,0.73925,0.2437,1.00E-04,2.88E-03,8.54E-04,7.92E-03
0.9983993,0.90332,5.75E+05,2.47E-02,1.93E+12,1,0.73925,0.2437,1.00E-04,2.88E-03,8.54E-04,7.92E-03
0.998432,0.90409,5.70E+05,2.44E-02,1.88E+12,1,0.73925,0.2437,1.00E-04,2.88E-03,8.54E-04,7.92E-03
0.9984641,0.90485,5.65E+05,2.41E-02,1.84E+12,1,0.73925,0.2437,1.00E-04,2.88E-03,8.54E-04,7.92E-03
0.9984955,0.9056,5.60E+05,2.37E-02,1.80E+12,1,0.73925,0.2437,1.00E-04,2.88E-03,8.54E-04,7.92E-03
0.9985263,0.90635,5.55E+05,2.34E-02,1.76E+12,1,0.73925,0.2437,1.00E-04,2.88E-03,8.54E-04,7.92E-03
0.9985565,0.90709,5.50E+05,2.31E-02,1.72E+12,1,0.73925,0.2437,1.00E-04,2.88E-03,8.54E-04,7.92E-03
0.9985861,0.90783,5.45E+05,2.28E-02,1.68E+12,1,0.73925,0.2437,1.00E-04,2.88E-03,8.54E-04,7.92E-03
0.9986152,0.90856,5.40E+05,2.25E-02,1.64E+12,1,0.73925,0.2437,1.00E-04,2.88E-03,8.54E-04,7.92E-03
0.9986436,0.90929,5.35E+05,2.21E-02,1.60E+12,1,0.73925,0.2437,1.00E-04,2.88E-03,8.54E-04,7.92E-03
0.9986716,0.91001,5.30E+05,2.18E-02,1.56E+12,1,0.73925,0.2437,1.00E-04,2.88E-03,8.54E-04,7.92E-03
0.9986989,0.91072,5.25E+05,2.15E-02,1.53E+12,1,0.73925,0.2437,1.00E-04,2.88E-03,8.54E-04,7.92E-03
0.9987257,0.91143,5.21E+05,2.12E-02,1.49E+12,1,0.73925,0.2437,1.00E-04,2.88E-03,8.54E-04,7.92E-03
0.998752,0.91214,5.16E+05,2.10E-02,1.46E+12,1,0.73925,0.2437,1.00E-04,2.88E-03,8.54E-04,7.92E-03
0.9987778,0.91283,5.11E+05,2.07E-02,1.43E+12,1,0.73925,0.2437,1.00E-04,2.88E-03,8.54E-04,7.92E-03
0.998803,0.91353,5.07E+05,2.04E-02,1.39E+12,1,0.73925,0.2437,1.00E-04,2.88E-03,8.54E-04,7.92E-03
0.9988278,0.91421,5.02E+05,2.01E-02,1.36E+12,1,0.73925,0.2437,1.00E-04,2.88E-03,8.54E-04,7.92E-03
0.9988521,0.9149,4.98E+05,1.98E-02,1.33E+12,1,0.73925,0.2437,1.00E-04,2.88E-03,8.54E-04,7.92E-03
0.9988758,0.91557,4.93E+05,1.96E-02,1.30E+12,1,0.73925,0.2437,1.00E-04,2.88E-03,8.54E-04,7.92E-03
0.9988992,0.91625,4.89E+05,1.93E-02,1.27E+12,1,0.73925,0.2437,1.00E-04,2.88E-03,8.54E-04,7.92E-03
0.998922,0.91691,4.84E+05,1.90E-02,1.24E+12,1,0.73925,0.2437,1.00E-04,2.88E-03,8.54E-04,7.92E-03
0.9989444,0.91757,4.80E+05,1.88E-02,1.21E+12,1,0.73925,0.2437,1.00E-04,2.88E-03,8.54E-04,7.92E-03
0.9989663,0.91823,4.76E+05,1.85E-02,1.19E+12,1,0.73925,0.2437,1.00E-04,2.88E-03,8.54E-04,7.92E-03
0.9989878,0.91888,4.71E+05,1.83E-02,1.16E+12,1,0.73925,0.2437,1.00E-04,2.88E-03,8.54E-04,7.92E-03
0.9990089,0.91953,4.67E+05,1.80E-02,1.13E+12,1,0.73925,0.2437,1.00E-04,2.88E-03,8.54E-04,7.92E-03
0.9990296,0.92017,4.63E+05,1.78E-02,1.11E+12,1,0.73925,0.2437,1.00E-04,2.88E-03,8.54E-04,7.92E-03
0.9990498,0.9208,4.59E+05,1.75E-02,1.08E+12,1,0.73925,0.2437,1.00E-04,2.88E-03,8.54E-04,7.92E-03
0.9990696,0.92143,4.54E+05,1.73E-02,1.06E+12,1,0.73925,0.2437,1.00E-04,2.88E-03,8.54E-04,7.92E-03
0.999089,0.92206,4.50E+05,1.70E-02,1.03E+12,1,0.73925,0.2437,1.00E-04,2.88E-03,8.54E-04,7.92E-03
0.9991081,0.92268,4.46E+05,1.68E-02,1.01E+12,1,0.73925,0.2437,1.00E-04,2.88E-03,8.54E-04,7.92E-03
0.9991267,0.9233,4.42E+05,1.66E-02,9.87E+11,1,0.73925,0.2437,1.00E-04,2.88E-03,8.54E-04,7.92E-03
0.999145,0.92391,4.38E+05,1.63E-02,9.65E+11,1,0.73925,0.2437,1.00E-04,2.88E-03,8.54E-04,7.92E-03
0.9991629,0.92452,4.34E+05,1.61E-02,9.43E+11,1,0.73925,0.2437,1.00E-04,2.88E-03,8.54E-04,7.92E-03
0.9991805,0.92512,4.30E+05,1.59E-02,9.21E+11,1,0.73925,0.2437,1.00E-04,2.88E-03,8.54E-04,7.92E-03
0.9991977,0.92572,4.27E+05,1.57E-02,9.00E+11,1,0.73925,0.2437,1.00E-04,2.88E-03,8.54E-04,7.92E-03
0.9992145,0.92631,4.23E+05,1.55E-02,8.80E+11,1,0.73925,0.2437,1.00E-04,2.88E-03,8.54E-04,7.92E-03
0.999231,0.9269,4.19E+05,1.53E-02,8.60E+11,1,0.73925,0.2437,1.00E-04,2.88E-03,8.54E-04,7.92E-03
0.9992472,0.92748,4.15E+05,1.50E-02,8.40E+11,1,0.73925,0.2437,1.00E-04,2.88E-03,8.54E-04,7.92E-03
0.999263,0.92806,4.11E+05,1.48E-02,8.21E+11,1,0.73925,0.2437,1.00E-04,2.88E-03,8.54E-04,7.92E-03
0.9992785,0.92863,4.08E+05,1.46E-02,8.02E+11,1,0.73925,0.2437,1.00E-04,2.88E-03,8.54E-04,7.92E-03
0.9992937,0.9292,4.04E+05,1.44E-02,7.84E+11,1,0.73925,0.2437,1.00E-04,2.88E-03,8.54E-04,7.92E-03
0.9993086,0.92976,4.00E+05,1.42E-02,7.66E+11,1,0.73925,0.2437,1.00E-04,2.88E-03,8.54E-04,7.92E-03
0.9993232,0.93032,3.97E+05,1.40E-02,7.49E+11,1,0.73925,0.2437,1.00E-04,2.88E-03,8.54E-04,7.92E-03
0.9993375,0.93088,3.93E+05,1.39E-02,7.32E+11,1,0.73925,0.2437,1.00E-04,2.88E-03,8.54E-04,7.92E-03
0.9993515,0.93143,3.90E+05,1.37E-02,7.15E+11,1,0.73925,0.2437,1.00E-04,2.88E-03,8.54E-04,7.92E-03
0.9993652,0.93198,3.86E+05,1.35E-02,6.99E+11,1,0.73925,0.2437,1.00E-04,2.88E-03,8.54E-04,7.92E-03
0.9993786,0.93252,3.83E+05,1.33E-02,6.83E+11,1,0.73925,0.2437,1.00E-04,2.88E-03,8.54E-04,7.92E-03
0.9993917,0.93306,3.79E+05,1.31E-02,6.67E+11,1,0.73925,0.2437,1.00E-04,2.88E-03,8.54E-04,7.92E-03
0.9994046,0.93359,3.76E+05,1.29E-02,6.52E+11,1,0.73925,0.2437,1.00E-04,2.88E-03,8.54E-04,7.92E-03
0.9994172,0.93412,3.72E+05,1.28E-02,6.37E+11,1,0.73925,0.2437,1.00E-04,2.88E-03,8.54E-04,7.92E-03
0.9994296,0.93464,3.69E+05,1.26E-02,6.23E+11,1,0.73925,0.2437,1.00E-04,2.88E-03,8.54E-04,7.92E-03
0.9994417,0.93517,3.66E+05,1.24E-02,6.09E+11,1,0.73925,0.2437,1.00E-04,2.88E-03,8.54E-04,7.92E-03
0.9994535,0.93568,3.63E+05,1.22E-02,5.95E+11,1,0.73925,0.2437,1.00E-04,2.88E-03,8.54E-04,7.92E-03
0.9994652,0.93619,3.59E+05,1.21E-02,5.81E+11,1,0.73925,0.2437,1.00E-04,2.88E-03,8.54E-04,7.92E-03
0.9994765,0.9367,3.56E+05,1.19E-02,5.68E+11,1,0.73925,0.2437,1.00E-04,2.88E-03,8.54E-04,7.92E-03
0.9994877,0.93721,3.53E+05,1.17E-02,5.55E+11,1,0.73925,0.2437,1.00E-04,2.88E-03,8.54E-04,7.92E-03
0.9994986,0.93771,3.50E+05,1.16E-02,5.42E+11,1,0.73925,0.2437,1.00E-04,2.88E-03,8.54E-04,7.92E-03
0.9995092,0.9382,3.47E+05,1.14E-02,5.30E+11,1,0.73925,0.2437,1.00E-04,2.88E-03,8.54E-04,7.92E-03
0.9995197,0.9387,3.43E+05,1.13E-02,5.18E+11,1,0.73925,0.2437,1.00E-04,2.88E-03,8.54E-04,7.92E-03
0.9995299,0.93918,3.40E+05,1.11E-02,5.06E+11,1,0.73925,0.2437,1.00E-04,2.88E-03,8.54E-04,7.92E-03
0.99954,0.93967,3.37E+05,1.10E-02,4.95E+11,1,0.73925,0.2437,1.00E-04,2.88E-03,8.54E-04,7.92E-03
0.9995498,0.94015,3.34E+05,1.08E-02,4.83E+11,1,0.73925,0.2437,1.00E-04,2.88E-03,8.54E-04,7.92E-03
0.9995594,0.94062,3.31E+05,1.07E-02,4.72E+11,1,0.73925,0.2437,1.00E-04,2.88E-03,8.54E-04,7.92E-03
0.9995688,0.9411,3.28E+05,1.05E-02,4.62E+11,1,0.73925,0.2437,1.00E-04,2.88E-03,8.54E-04,7.92E-03
0.999578,0.94156,3.25E+05,1.04E-02,4.51E+11,1,0.73925,0.2437,1.00E-04,2.88E-03,8.54E-04,7.92E-03
0.9995871,0.94203,3.23E+05,1.02E-02,4.41E+11,1,0.73925,0.2437,1.00E-04,2.88E-03,8.54E-04,7.92E-03
0.9995959,0.94249,3.20E+05,1.01E-02,4.31E+11,1,0.73925,0.2437,1.00E-04,2.88E-03,8.54E-04,7.92E-03
0.9996045,0.94295,3.17E+05,9.94E-03,4.21E+11,1,0.73925,0.2437,1.00E-04,2.88E-03,8.54E-04,7.92E-03
0.999613,0.9434,3.14E+05,9.80E-03,4.11E+11,1,0.73925,0.2437,1.00E-04,2.88E-03,8.54E-04,7.92E-03
0.9996213,0.94385,3.11E+05,9.67E-03,4.02E+11,1,0.73925,0.2437,1.00E-04,2.88E-03,8.54E-04,7.92E-03
0.9996294,0.94429,3.08E+05,9.53E-03,3.93E+11,1,0.73925,0.2437,1.00E-04,2.88E-03,8.54E-04,7.92E-03
0.9996374,0.94474,3.06E+05,9.40E-03,3.84E+11,1,0.73925,0.2437,1.00E-04,2.88E-03,8.54E-04,7.92E-03
0.9996452,0.94518,3.03E+05,9.27E-03,3.75E+11,1,0.73925,0.2437,1.00E-04,2.88E-03,8.54E-04,7.92E-03
0.9996528,0.94561,3.00E+05,9.15E-03,3.67E+11,1,0.73925,0.2437,1.00E-04,2.88E-03,8.54E-04,7.92E-03
0.9996603,0.94604,2.98E+05,9.02E-03,3.58E+11,1,0.73925,0.2437,1.00E-04,2.88E-03,8.54E-04,7.92E-03
0.9996676,0.94647,2.95E+05,8.90E-03,3.50E+11,1,0.73925,0.2437,1.00E-04,2.88E-03,8.54E-04,7.92E-03
0.9996747,0.94689,2.92E+05,8.78E-03,3.42E+11,1,0.73925,0.2437,1.00E-04,2.88E-03,8.54E-04,7.92E-03
0.9996817,0.94731,2.90E+05,8.65E-03,3.34E+11,1,0.73925,0.2437,1.00E-04,2.88E-03,8.54E-04,7.92E-03
0.9996886,0.94773,2.87E+05,8.54E-03,3.27E+11,1,0.73925,0.2437,1.00E-04,2.88E-03,8.54E-04,7.92E-03
0.9996953,0.94814,2.85E+05,8.42E-03,3.19E+11,1,0.73925,0.2437,1.00E-04,2.88E-03,8.54E-04,7.92E-03
0.9997018,0.94855,2.82E+05,8.30E-03,3.12E+11,1,0.73925,0.2437,1.00E-04,2.88E-03,8.54E-04,7.92E-03
0.9997083,0.94896,2.79E+05,8.19E-03,3.05E+11,1,0.73925,0.2437,1.00E-04,2.88E-03,8.54E-04,7.92E-03
0.9997095,0.94904,2.79E+05,8.17E-03,3.04E+11,1,0.73925,0.2437,1.00E-04,2.88E-03,8.54E-04,7.92E-03