frequency,magnetic_field,rho,total_power,TE11_power
18350869450.59195,1.5,0.002755909060918178,1.852001043150448e-13,5.40379685734393e-15
18290257924.86322,1.5,0.003207836300768755,1.913185014997591e-13,4.709180582169438e-15
18461309431.8377,1.5,0.00170233938505001,1.742891049680411e-13,6.845884877815199e-15
18580541270.40083,1.5,0.0007290676532586213,1.530246889732797e-13,7.660433284397371e-15
19022481008.92113,1.5,0.003399765046802451,1.349704085805102e-13,4.178859825818587e-15
18825838999.82911,1.5,0.002961841285934981,1.605435627009001e-13,4.905390024725663e-15
18936424043.78511,1.5,0.002918150577257086,1.631780599287605e-13,4.936567451837292e-15
18869839856.96066,1.5,0.002411394679256976,1.398127162819e-13,5.714910290640681e-15
18110521371.40989,1.5,0.002541594362815614,1.73376661324749e-13,5.853656695127089e-15
18491156478.44079,1.5,0.003039393661235168,1.805152709028771e-13,4.90102479271838e-15
18091858907.39403,1.5,0.002183553225554143,1.603963760152879e-13,6.405874206069925e-15
19013092897.39174,1.5,0.003073306629051907,1.61365315108806e-13,4.676916741611188e-15
18330372988.36634,1.5,0.00338663167525709,1.361001529798535e-13,4.4093530967794e-15
18714030737.13643,1.5,0.002266314105140395,1.444869905370645e-13,5.983886659781464e-15
18492694779.09886,1.5,0.002190520975309718,1.671494296224263e-13,6.188495036087641e-15
18105158187.98665,1.5,0.001150874723980795,1.92348848941799e-13,7.643559536852435e-15
18963682621.86703,1.5,0.002566576900248721,1.410409528168177e-13,5.454850958362852e-15
18260632063.4794,1.5,0.00299320560285687,2.136882301147825e-13,5.065399201485769e-15
18193357323.65105,1.5,0.0027905528347007,1.739241050550063e-13,5.419496357376874e-15
18431201711.70735,1.5,0.002441499330701226,1.508768333397314e-13,5.851197200788654e-15
18752151090.85209,1.5,0.0007999958352184358,1.373098365148649e-13,7.526487791629239e-15
18775577406.13846,1.5,0.003387056238933828,1.314068641211547e-13,4.26606514934228e-15
18623443052.02592,1.5,0.001816550499746227,1.406268298577309e-13,6.625227341836584e-15
18012969864.61722,1.5,0.00268137143918293,1.789048461346843e-13,5.683573891222631e-15
18042875164.2431,1.5,0.003161693387888298,1.729276289026056e-13,4.886871321015917e-15
18374074600.08136,1.5,0.001547877212479897,1.625563675036758e-13,7.073153528512307e-15
18118085904.9094,1.5,0.002848680451205428,1.802959660418105e-13,5.36163741522034e-15
19003917958.6712,1.5,0.002503765873937639,1.466352121470508e-13,5.532668489639182e-15
18813882213.31371,1.5,0.003289012505556121,1.535056165389239e-13,4.405371692759894e-15
18765624138.05162,1.5,0.002469694042349697,1.51942367958204e-13,5.669749684476235e-15
18523601435.49994,1.5,0.002628986099671185,1.592943246958265e-13,5.527558228355307e-15
18002040108.92677,1.5,0.001314992252697703,1.524203730227729e-13,7.557663327997694e-15
18592268417.71863,1.5,0.002431535789249995,1.593208901088901e-13,5.795763343390254e-15
18006794398.79975,1.5,0.002844475881075744,1.937446269087233e-13,5.423063659178697e-15
18161381177.2693,1.5,0.0003728061813912587,1.465977713179677e-13,8.079561550805044e-15
18299415424.52456,1.5,0.001106808137366744,1.632987252184498e-13,7.556243779437994e-15
18670171057.51508,1.5,0.002962048207189641,1.670679480203503e-13,4.957697125810048e-15
18228464819.23188,1.5,0.002225823405597921,1.616855562339672e-13,6.269027105630952e-15
18891392675.95178,1.5,0.002485371877706564,1.486248443239986e-13,5.599572984126896e-15
18142636605.57825,1.5,0.001743931018327722,1.497616617238868e-13,6.974756967027145e-15
18287670967.56845,1.5,0.0005918092240844008,1.400180946521908e-13,7.908490317295482e-15
18529017809.0657,1.5,0.003185939426908107,1.626826016567783e-13,4.656643369777074e-15
18041824429.73009,1.5,0.003244170407474661,1.599379720512741e-13,4.752384497598914e-15
18101916310.49826,1.5,0.002019647846543474,1.541084031402416e-13,6.633636471382745e-15
18979240004.74844,1.5,0.003011171883530051,1.55032086037404e-13,4.781621171514194e-15
18320221286.05828,1.5,0.002607470708517162,1.726856506967902e-13,5.648903783903079e-15
18644854239.80022,1.5,0.001403634260422061,1.432254099515634e-13,7.084314254602471e-15
18665349903.09682,1.5,0.003443169832690606,1.296688058345753e-13,4.212232662825534e-15
18678755536.06206,1.5,0.002451684284155744,1.531747032434422e-13,5.730474222293906e-15
18222857198.04688,1.5,0.002721124187209004,1.659486053487878e-13,5.516021284378555e-15
18741186228.17273,1.5,0.003137066996708956,1.671200539930339e-13,4.662301235981564e-15
18969993864.43665,1.5,0.002974463795487139,1.533122804951929e-13,4.840347423506129e-15
18303793639.48402,1.5,0.003015916422101122,1.941707118408127e-13,5.011130100395994e-15
18701205106.56862,1.5,0.001506270320620864,1.4741398635045e-13,6.948787538147454e-15
18768358605.98755,1.5,0.002808578472981996,1.58785354164057e-13,5.159835970541461e-15
18013517005.88109,1.5,0.002810819402616967,1.878402882418147e-13,5.474356832862584e-15
18938674746.32067,1.5,0.001484538546252762,1.494054125002879e-13,6.862199109027381e-15
18765631550.61079,1.5,0.001910841542741865,1.527862429367548e-13,6.441444293808688e-15
18437448734.66273,1.5,0.001357108196377687,1.465182102443794e-13,7.241538965487286e-15
19000662341.60277,1.5,0.002915675728176219,1.540597670365196e-13,4.920184043405572e-15
18671678373.56033,1.5,0.003139934953386984,1.685402309909033e-13,4.680433963914884e-15
18231688913.56436,1.5,0.001558440653890534,1.505774388158654e-13,7.143750314810554e-15
18438214790.01123,1.5,0.001657259143953376,1.455266767138665e-13,6.911824289231542e-15
18525123227.24826,1.5,0.0004116415887261933,1.430117624939617e-13,7.834701005844794e-15
19098743923.17362,1.5,0.0029793669577393,1.716529716489205e-13,4.794258108857159e-15
18640317206.26321,1.5,0.001455905928872763,1.415056109243994e-13,7.032400500668262e-15
19086331871.75653,1.5,0.001805948642452504,1.253772233565523e-13,6.438053106270984e-15
18032087416.04651,1.5,0.003145584532470699,1.801989920676958e-13,4.918130832164843e-15
18612680344.41962,1.5,0.001072736978854381,1.403984161860482e-13,7.405024375102669e-15
18365395387.05683,1.5,0.0023786052553645,1.639518788192384e-13,5.975530356869909e-15
18129245832.6921,1.5,0.002742692931787275,1.781200539759577e-13,5.526361016218758e-15
18849550819.27949,1.5,0.003508022849966401,1.336106952695862e-13,4.061279482978563e-15
18356809540.2213,1.5,0.002801702304706129,1.886219881313213e-13,5.329260065569971e-15
18910818172.10865,1.5,0.001533773490747116,1.486508556815273e-13,6.822198845426594e-15
18753126065.74325,1.5,0.002905488994078793,1.574833650761076e-13,5.016423616330713e-15
18268731650.50837,1.5,0.001114787483595057,1.694458755023867e-13,7.568476961808687e-15
19005551148.87433,1.5,0.00298555316924982,1.824328801864359e-13,4.812628897429392e-15
18345355518.32032,1.5,0.002361929783900252,1.861207648720477e-13,6.009889858880621e-15
18941010829.90808,1.5,0.002132259005284661,1.457919483365299e-13,6.077935454430534e-15
18684011090.33813,1.5,0.003161256800540049,1.837913840445909e-13,4.643211283363897e-15
18421007673.05992,1.5,0.00222486247910432,1.544803830459187e-13,6.173542495101246e-15
18632895005.32086,1.5,0.00324561832398001,1.555980865984041e-13,4.528442529513008e-15
18762060952.67817,1.5,0.002883397403426863,1.621961196443109e-13,5.047336366721233e-15
18578437059.74131,1.5,0.001423391096957395,1.556386882814207e-13,7.097904007286075e-15
18894474439.25617,1.5,0.001414536338438992,1.437930031917966e-13,6.953991947934664e-15
18865418655.39434,1.5,0.002476486629568842,1.425504709152179e-13,5.622089427233546e-15
18611788426.26813,1.5,0.00157392923215979,1.438407361588249e-13,6.918348359061812e-15
19023842896.48751,1.5,0.002882907124742724,1.498462719790448e-13,4.962584917094239e-15
18188614417.36781,1.5,0.002171008670856153,1.542989134855602e-13,6.369825740335473e-15
18000007171.21378,1.5,0.003175757264390796,1.81081218020967e-13,4.883234867458252e-15
18056913894.07853,1.5,0.002071415450412566,1.675520303062046e-13,6.587742495635806e-15
18581044985.88724,1.5,0.003349787116496653,1.734198872612099e-13,4.382793973203716e-15
18407704693.85314,1.5,0.003158982715523334,1.772701904090736e-13,4.742665937427869e-15
18620404030.01691,1.5,0.001942167115347912,1.441608346492707e-13,6.466598495908201e-15
18499875381.44359,1.5,0.001547573325101284,1.55600015280059e-13,7.005174272685158e-15
18584124658.04011,1.5,0.0007117868738518369,1.938800829605172e-13,7.668146324320534e-15
18787187243.14472,1.5,0.003402137795879548,1.457676651222065e-13,4.239623500332175e-15
18893533112.63455,1.5,0.003114012706930571,1.675848963236005e-13,4.650377473291428e-15
18035971632.28373,1.5,0.003294188900082459,1.500779305329831e-13,4.673201124163132e-15
18037841949.36636,1.5,0.002980166582898978,1.945061032132026e-13,5.186356581065209e-15
18059722111.02557,1.5,0.002926863437032749,1.93817228661738e-13,5.262835229827959e-15
19070418198.49998,1.5,0.001572855536293401,1.308008881294372e-13,6.711663592426492e-15
18307792733.37148,1.5,0.002093458234453658,1.777597567898645e-13,6.416199339152014e-15
18157737993.35128,1.5,0.002267712858707203,1.623563046019528e-13,6.245477820949816e-15
18827524825.95642,1.5,0.003017374192028632,1.859585825765046e-13,4.819466114691014e-15
18053455196.36924,1.5,0.00300160109934723,1.961278721178299e-13,5.143938045772752e-15
18515755046.35927,1.5,0.002688792317286287,1.633433153535669e-13,5.439043044763574e-15
19082456049.66518,1.5,0.001881976215975391,1.302054740032907e-13,6.346816750854242e-15
18271657483.54181,1.5,0.003063441058910981,1.868909557308286e-13,4.948142966948095e-15
18813985867.44421,1.5,9.535376628873878e-05,1.398868497513002e-13,7.739342483667e-15
18610322465.55933,1.5,0.002336924640266372,1.506177485904235e-13,5.926450403782124e-15
19076121084.98372,1.5,0.003204902572977235,1.471705833243214e-13,4.459155648517434e-15
18172896082.37339,1.5,0.002088347699852222,1.578291532148665e-13,6.49641938801644e-15
18241288341.82174,1.5,0.002106674937229068,1.589309442548014e-13,6.432940391054424e-15
18692243189.80844,1.5,0.001998400073486924,1.459293177103493e-13,6.360226820461172e-15
18189450568.31031,1.5,0.002075267555548191,1.602097422245466e-13,6.505563248184073e-15
18037688451.72081,1.5,0.001834001910774426,1.558226045355936e-13,6.924479460143673e-15
18575210080.52946,1.5,0.00266827804950038,1.574870131414074e-13,5.446607339061526e-15
18854984254.95219,1.5,0.002099206443226869,1.625907293745179e-13,6.156714523855942e-15
18702605553.69413,1.5,0.003087714094765646,1.781290240645944e-13,4.751438629464998e-15
18373399010.66678,1.5,0.0009128694389436802,1.479381488217788e-13,7.663152048597179e-15
18356204364.12432,1.5,0.002974295319136086,2.001768463800943e-13,5.056224183531419e-15
18039101594.31289,1.5,0.002190242151449325,1.588254511652566e-13,6.426849256656567e-15
18410125106.32399,1.5,0.003139532360873384,1.72226878805493e-13,4.772645452994562e-15
18371470369.0275,1.5,0.002492902669242667,1.605490386417612e-13,5.800992849233224e-15
18937847283.17655,1.5,0.001489377774780172,1.467309661878163e-13,6.857487807721657e-15
18792348619.54013,1.5,0.002993159029191113,1.738193280289453e-13,4.868182304654299e-15
18749366095.21321,1.5,0.002927961025810006,1.599965048461862e-13,4.983086485071586e-15
18185702501.84983,1.5,0.001493297110439249,1.518247649285391e-13,7.245473702571727e-15
18931191943.73705,1.5,0.002850193250970818,1.602729873764281e-13,5.041508002700713e-15
18544035877.61233,1.5,0.002686109903892062,1.576945282171742e-13,5.431741166050887e-15
18583311716.72106,1.5,0.001896452808995341,1.570784664646244e-13,6.543204827693346e-15
18417528761.74857,1.5,0.002945538820328772,1.739079426419898e-13,5.077351178885737e-15
18641193203.33086,1.5,0.002930814700394288,1.884297538572975e-13,5.016448370378783e-15
18185375982.74992,1.5,0.003118087575444563,1.760834341284703e-13,4.895910747934762e-15
18900932841.51169,1.5,0.003472561418906263,1.315739606651294e-13,4.101098750191868e-15
18111318629.0374,1.5,0.003060233162714684,2.050334051816473e-13,5.02185005265249e-15
18329199292.79633,1.5,0.003261473495540331,1.567669423353489e-13,4.608723040049548e-15
18561585910.82829,1.5,0.002746703843438611,1.624877623411868e-13,5.331502842885349e-15
18772367516.79818,1.5,0.002451744161292264,1.5378662886476e-13,5.693442995720828e-15
18342734581.14841,1.5,0.003227156101604915,2.023606867855158e-13,4.658377858956207e-15
18084635001.56227,1.5,0.001977247541854371,1.543959935718534e-13,6.702629909831853e-15
18876380417.55352,1.5,0.002394966960367621,1.466016103986381e-13,5.736113233743241e-15
18482699791.51337,1.5,0.001236000526135466,1.559039876337493e-13,7.333652418076474e-15
18593534725.22375,1.5,0.0020193312011208,1.518777393399628e-13,6.377183135700748e-15
18671294314.41099,1.5,0.003070190642752487,1.716170757372204e-13,4.789152904272931e-15
19016630363.84163,1.5,0.002948123150808368,1.565372134590899e-13,4.866083415166358e-15
18732517592.78186,1.5,0.003426121291136895,1.558681444635852e-13,4.218667256513143e-15
18558460932.53135,1.5,0.002901845813184041,1.614509255459053e-13,5.091818922657303e-15
18459099588.44904,1.5,0.002978387995078495,1.777033820223028e-13,5.009309493301163e-15
19082473526.19247,1.5,0.001646043349886973,1.279421806010885e-13,6.625769485341609e-15
18370850673.88004,1.5,0.002400451257354728,1.616177543624108e-13,5.940403480907103e-15
18489064672.43496,1.5,0.002680217708930222,1.67885908878057e-13,5.463181318762419e-15
18597793816.22346,1.5,0.00172673723982889,1.457007326353868e-13,6.747551954753082e-15
18700471108.84434,1.5,0.002490130521668687,1.501019989506596e-13,5.665079215554081e-15
18394825443.63629,1.5,0.002508743118565008,1.582241079977915e-13,5.766310431701909e-15
18704252488.09409,1.5,0.003145133610842891,1.71113711603327e-13,4.661693631934903e-15
18533213419.86572,1.5,0.003443042437100679,1.284186959375187e-13,4.252915201599742e-15
18356388269.89895,1.5,0.001843483048519601,1.823525918970809e-13,6.725928119710482e-15
18193582836.61233,1.5,0.003185741544576842,1.619264515889218e-13,4.783163271566679e-15
18407861837.74112,1.5,0.003338341249710906,1.469080554656526e-13,4.458469807092432e-15
18825598604.17492,1.5,0.001997860037411556,1.479500030804893e-13,6.303279554262496e-15
18993038686.6459,1.5,0.001725239565964941,1.326384258170462e-13,6.57160257054306e-15
18701430903.92551,1.5,0.002973951506978903,1.796491750230793e-13,4.92840342915283e-15
18850069151.50149,1.5,0.003034503160413102,1.833713529886224e-13,4.785936150906223e-15
18596775086.5375,1.5,0.000994246853893392,1.413082538416874e-13,7.475218894646704e-15
18952044694.87373,1.5,0.002561537586044807,1.447181471366459e-13,5.4663171565765e-15
18061246444.60301,1.5,0.00325836155150149,1.613352939688982e-13,4.720796987690216e-15
18130072156.95921,1.5,0.002433753463577393,1.846755356550525e-13,6.010244267176379e-15
18789380836.74626,1.5,0.00322876596434503,1.822228765921347e-13,4.505470501579839e-15
18315862520.81163,1.5,0.0008152219950051623,1.518087518953789e-13,7.765076601601308e-15
19093229346.13535,1.5,0.001998616622172884,1.296318928834734e-13,6.195501596045021e-15
19071662529.89314,1.5,0.002006417041941394,1.328743938439115e-13,6.193657527243117e-15
18761231707.81721,1.5,0.002052362953364776,1.580567892505242e-13,6.258537056616134e-15
18234325821.31609,1.5,0.001457658010145266,1.553835467128279e-13,7.254709954993073e-15
18697946638.74817,1.5,0.001359135610080407,1.445453131122556e-13,7.102540478476743e-15
18193761333.1585,1.5,0.001994395478206634,1.624670949838987e-13,6.615304281747999e-15
18902445865.76132,1.5,0.002166169732244872,1.419173166161566e-13,6.047024632238851e-15
19006341390.65845,1.5,0.002757575381494439,1.495514377644203e-13,5.156784497563702e-15
18044355340.33272,1.5,0.002356943969147592,1.728502274671406e-13,6.174517100493096e-15
18606276026.64946,1.5,0.003197758416355361,1.656082451605199e-13,4.611884580237485e-15
18094427311.55148,1.5,0.0009051600056613406,1.634467163676275e-13,7.850873089060476e-15
18688083054.62085,1.5,0.001966344143232574,1.442767606428315e-13,6.404177446219811e-15
19000248822.88449,1.5,0.002973102876194417,1.608706785322059e-13,4.83315643671733e-15
18478911623.38872,1.5,0.002700415002071628,1.862049541528795e-13,5.436199778032102e-15
18364622021.57463,1.5,0.002291882264972982,1.63890285995659e-13,6.103758250361125e-15
18658943346.28971,1.5,0.002136661041425026,1.491192558454074e-13,6.18846167605529e-15
18367322167.08315,1.5,0.002246273458116186,1.649108256971397e-13,6.16873589920293e-15
18012205595.36182,1.5,0.000808928834576526,1.888443574351476e-13,7.976875006950835e-15
18656834798.37487,1.5,0.00295538590952537,1.7185863200695e-13,4.972723036811054e-15
18251609026.99977,1.5,0.002271969808835371,1.575420830239532e-13,6.189479397285616e-15
18856496780.41125,1.5,0.00233402244476151,1.495831800847055e-13,5.830849364728022e-15
18733637405.86563,1.5,0.00320881875249639,1.690708432149391e-13,4.553523566037945e-15
18282071066.89881,1.5,0.0001910031873141224,1.477792789561218e-13,8.039245566947971e-15
19067410973.49593,1.5,0.0009248108793025267,1.315235015700233e-13,7.29354349501582e-15
18034532617.05981,1.5,0.002663042471565531,1.819693794470482e-13,5.701533926188783e-15
18244190783.87724,1.5,0.003222644016219252,1.636059182424001e-13,4.703391721336744e-15
18983882176.50774,1.5,0.002346940971741535,1.398837513213488e-13,5.764785510702362e-15
18555089130.40784,1.5,0.003400678761934764,1.328724563916049e-13,4.311843565147176e-15
18496401625.87631,1.5,0.00306567348265052,1.796521036356854e-13,4.857664634921873e-15
18400770087.97756,1.5,0.0028426097760479,1.942340606473282e-13,5.246491378635822e-15
18355729480.73873,1.5,0.003145091493512431,2.094355543106868e-13,4.78430273472868e-15
19039148118.12681,1.5,0.003518809676678024,1.202066280683246e-13,3.996095131829203e-15
18083269347.48886,1.5,0.002845815584336708,1.918074699174779e-13,5.382976339001804e-15
18707736263.77744,1.5,0.001471431118031656,1.43044971719348e-13,6.982777029671252e-15
18163266552.64211,1.5,0.002631956886920794,1.778497725893741e-13,5.685250571353906e-15
18680430973.12712,1.5,0.0006447563053624992,2.254237388537491e-13,7.650850031649664e-15
18342882534.11163,1.5,0.002632022201036569,1.869736981625308e-13,5.600600460795812e-15
18002364619.93137,1.5,0.003132282367270645,1.876728483339722e-13,4.953607960172924e-15
18382138430.55198,1.5,0.001641149521981296,1.563295909239358e-13,6.961164414517693e-15
18210574584.01066,1.5,0.003281757169813395,1.45197380687611e-13,4.621564888196865e-15
18459566991.83851,1.5,0.002659076607697995,1.72202043276094e-13,5.508052628050057e-15
18982026354.53742,1.5,0.00157183220217056,1.381622989525507e-13,6.749948382854726e-15
18653603209.04351,1.5,0.001886510905381697,1.481374530648431e-13,6.52293480458268e-15
18443030191.26952,1.5,0.003410312536637339,1.299628928500945e-13,4.333249157154371e-15
18679396509.59923,1.5,0.001170986245863906,1.457663604146552e-13,7.287366729454569e-15
18615946124.20198,1.5,0.0008158282375271747,1.412588803592169e-13,7.588843842085406e-15
18969760802.62728,1.5,0.002497240439265774,1.394264629827631e-13,5.554131366610882e-15
18388285446.48533,1.5,0.00337093195683255,1.441401768362387e-13,4.413827564863789e-15
18493334979.9396,1.5,0.0008501844279572741,1.476474031756676e-13,7.635367456237786e-15
18493714246.03014,1.5,0.003282491365438267,1.540229265687593e-13,4.516918129719313e-15
18223748366.542,1.5,0.002206979794190056,1.650602569885842e-13,6.298896461508052e-15
18620509656.90482,1.5,0.003262591712677063,1.457239277139142e-13,4.505993407732023e-15
18160995314.48226,1.5,0.002675768580396534,1.686905417268294e-13,5.617248996635951e-15
18391601947.58012,1.5,0.002617724232100387,1.616156008419849e-13,5.601036444585831e-15
19061005561.30927,1.5,0.002044440453623628,1.296598898071141e-13,6.148347513032739e-15
18739484337.09467,1.5,0.003271493541184431,1.570638715243911e-13,4.454732370772466e-15
18574380796.61122,1.5,0.0006233353488327161,1.416714470440079e-13,7.719841743142526e-15
18961295393.34394,1.5,0.00266314338582056,1.446359415915667e-13,5.312781693015602e-15
18378994968.55603,1.5,0.003295316273619368,1.58778140750663e-13,4.536742101872238e-15
18533711858.41181,1.5,0.002673380057784299,1.567270635144064e-13,5.455446453167144e-15
18744849272.33759,1.5,0.001550128352244865,1.488173854017887e-13,6.88023066474013e-15
18936425584.47754,1.5,0.00296665368698511,1.658031342059558e-13,4.862661061696224e-15
18638223011.1959,1.5,0.002045919898623163,1.471625852934856e-13,6.321126952191453e-15
18181030039.84774,1.5,0.002980633656082679,1.867989023719878e-13,5.11991295874366e-15
19063877893.01294,1.5,0.003258153649500497,1.627741518308366e-13,4.381842119053182e-15
18866276544.10602,1.5,0.002160266768999181,1.466948247636784e-13,6.069412668856089e-15
18234154755.66593,1.5,0.002533795502354237,1.698784457975834e-13,5.803456546969744e-15
18241043198.91763,1.5,0.002506571379465237,1.708192485346208e-13,5.842005237940409e-15
18001743625.88766,1.5,0.002669959901409222,1.848640804231543e-13,5.70784922321588e-15
18854806016.02486,1.5,0.002323391052216917,1.565061556864493e-13,5.846609825173809e-15
18499994132.47128,1.5,0.002792386509877785,1.706556672605371e-13,5.285006561277322e-15
19087611849.4569,1.5,0.003479079669207583,1.132669608119182e-13,4.043327403233041e-15
18778081517.01045,1.5,0.001538324858373997,1.486231399341446e-13,6.877544166739548e-15
18429075984.18718,1.5,0.002079724400914446,1.477319427298895e-13,6.373704241355072e-15
18784928303.66722,1.5,0.001481130332249028,1.474781822035974e-13,6.935691581783337e-15
18278137473.62308,1.5,0.001717161618851555,1.552786607614857e-13,6.927956922284219e-15
18085499995.19468,1.5,0.003032747082861584,1.933287098365615e-13,5.078269346656585e-15
18975568350.97362,1.5,0.002521979870447229,1.382580767850756e-13,5.51603984155023e-15
18976530329.70374,1.5,0.001651034058320707,1.495182700261418e-13,6.664069697569613e-15
18751077431.68339,1.5,0.001846936256638542,1.474931380852427e-13,6.528537847476315e-15
18290112854.436,1.5,0.002490447374980789,1.607137705501054e-13,5.842917188608989e-15
18360116480.82639,1.5,0.001404718061561975,1.608502861424338e-13,7.236549064775664e-15
18361714435.05668,1.5,0.001272950268801412,1.576692429800332e-13,7.367770931464658e-15
18148784961.62008,1.5,0.001747820788116357,1.50094804754351e-13,6.966116435182252e-15
18864604436.97873,1.5,0.003467478809739141,1.347624090658759e-13,4.11855614514396e-15
19031501977.75189,1.5,0.00351722943116153,1.158934238496941e-13,4.000356650498678e-15
18444097354.30783,1.5,0.001634272049183938,1.439047550499113e-13,6.935698628146219e-15
18380026229.29872,1.5,0.002299960333385662,1.596334857937669e-13,6.084515955170136e-15
18677095059.62517,1.5,0.0001471102559986556,1.386692407539339e-13,7.807399144188156e-15
18902887443.83852,1.5,0.002651660969655102,1.541014760960629e-13,5.349941121221001e-15
18610480991.77991,1.5,0.0005091456984495052,1.423140297616205e-13,7.750432696447585e-15
18895087551.64357,1.5,0.003377907566135728,1.385405626968872e-13,4.246214325151602e-15
18726407973.41031,1.5,0.002405519878974315,1.504970050361716e-13,5.778943373881998e-15
18138765344.07219,1.5,0.001793520605789474,1.509203860735457e-13,6.914161166143164e-15
18768130333.17294,1.5,0.002347613167597181,1.569143833493897e-13,5.846006152405149e-15
18257871003.18139,1.5,0.002167863110523459,1.571856994955623e-13,6.337164958640661e-15
19018502619.82358,1.5,0.00305396331574756,1.56625412837401e-13,4.70475377927738e-15
18594384525.93806,1.5,0.00136057278021517,1.49594995878465e-13,7.153612877836581e-15
18600620450.6592,1.5,0.001653898021075103,1.441746507270793e-13,6.832440037186646e-15
18201381430.74702,1.5,0.002383270193750938,1.65773546925664e-13,6.049715094631074e-15
19092187593.55939,1.5,0.0009700296882614164,1.388087957914365e-13,7.250682157477517e-15
19026969095.48194,1.5,0.003333387557841396,1.391432309508768e-13,4.277904579921607e-15
18716779979.84625,1.5,0.003102568366110098,1.811941604763159e-13,4.723706834520373e-15
18122779139.35122,1.5,0.003362878600875566,1.489529808794761e-13,4.525627668352999e-15
18874863882.45039,1.5,0.002657126587992305,1.560266565665938e-13,5.351566495570216e-15
18447355985.412,1.5,0.001980305277489541,1.454680996219017e-13,6.499585338529527e-15
19032183205.59968,1.5,0.001835353356183738,1.360152844174497e-13,6.423967024906514e-15
18877965604.84887,1.5,0.001413160277438099,1.52438632442933e-13,6.962890048459311e-15
18769980429.74381,1.5,0.002580089192470733,1.529465416316291e-13,5.504688462573707e-15
18043347573.80666,1.5,0.0006423678029069917,1.628301045702412e-13,8.052405416388163e-15
18830249523.89788,1.5,0.002501641608278795,1.470086108553839e-13,5.598318578522139e-15
18157543814.13549,1.5,0.002222694845445805,1.603643662782948e-13,6.311800549609166e-15
18189229174.22394,1.5,0.001695432877931688,1.519187133685316e-13,7.006721966253136e-15
19031682820.28734,1.5,0.001917191091830721,1.398831849430283e-13,6.32281042029726e-15
18921447490.27452,1.5,0.002707635473943381,1.495047817636249e-13,5.259825687165371e-15
18045787948.60521,1.5,0.002042124664527614,1.609923274085905e-13,6.635874180250546e-15
18979146622.68632,1.5,0.002586236325407436,1.431209288624793e-13,5.420576760773142e-15
18536852862.56035,1.5,0.001986886568471096,1.547512314351076e-13,6.447101216452799e-15
18653147228.97502,1.5,0.003137366560901183,1.701504757684412e-13,4.690573198080837e-15
18061308338.87922,1.5,0.001274968136758664,1.552516534819543e-13,7.556455870571827e-15
18530995121.63145,1.5,0.002383137201028001,1.611682772960166e-13,5.893343433505832e-15
18180870475.47298,1.5,0.003321798559817578,1.434618923786206e-13,4.56880515762299e-15
18944077042.29142,1.5,0.002520609380413412,1.531736424365937e-13,5.529137631364861e-15
18234548094.69346,1.5,0.0009578510293472957,1.708608953257439e-13,7.7172443540734e-15
18675317791.73481,1.5,0.003140728158112366,1.714602721137257e-13,4.678000224323724e-15
18806840067.33655,1.5,0.001783866998543104,1.464926848395989e-13,6.581397284313583e-15
18001123034.8159,1.5,0.001035870279459673,1.533421539003008e-13,7.816424801614297e-15
18783987396.42464,1.5,0.001150390366097298,1.403419814171898e-13,7.252726847903726e-15
18895276990.07141,1.5,0.003349323491666569,1.425749326637318e-13,4.289691246734345e-15
18359237409.90088,1.5,0.002809351235730562,1.851775202629602e-13,5.316183112457964e-15
18631469837.87469,1.5,0.002017733032698159,1.437109039471826e-13,6.361916544651792e-15
18243867376.18053,1.5,0.002644234566544723,1.745805330004083e-13,5.627125174520267e-15
18965788108.92816,1.5,0.0003889288373096887,1.256227198088833e-13,7.607910387964363e-15
18514537749.47986,1.5,0.0003340189370994815,1.341344820698239e-13,7.863971923795032e-15
19032440531.35929,1.5,0.000873065966863893,1.355737285096478e-13,7.344134288916689e-15
18964385157.86026,1.5,0.002829514604243698,1.473754357721793e-13,5.062075054110486e-15
18208973025.07325,1.5,0.00116406892822073,1.519175255700785e-13,7.56295728918888e-15
18075528952.45111,1.5,0.0007955144693550565,1.792459961974556e-13,7.939335707986254e-15
18581387723.80733,1.5,0.0009477281554721611,1.480692774532367e-13,7.5181615607857e-15
18932537677.82249,1.5,0.002155983509898828,1.414216322785999e-13,6.049120598898038e-15
18976940462.98645,1.5,0.001143824103976093,1.431347335935155e-13,7.167151540383998e-15
19066289405.28751,1.5,0.003471245324395629,1.161226283744466e-13,4.060341606780288e-15
18967035221.37427,1.5,0.002827863325955897,1.483727874200681e-13,5.063715870998108e-15
18644652379.09408,1.5,0.0009144491198809099,1.390539582350289e-13,7.507688088953403e-15
19061199257.0961,1.5,0.002747770239620089,1.388099159181773e-13,5.153820675017455e-15
19042951986.25901,1.5,0.002330817919539769,1.349632680762647e-13,5.766153205927322e-15
18784040959.98859,1.5,0.001030885164873049,1.42010320564186e-13,7.34997633143945e-15
18796223755.46498,1.5,0.002885355357032588,1.619450279617097e-13,5.032658902859061e-15
18577364527.65038,1.5,0.003214497539239991,2.041813104268866e-13,4.595354450561072e-15
18272698780.82674,1.5,0.00251454545826805,1.64769407891828e-13,5.814408561751413e-15
18209861416.09172,1.5,0.00204249106584671,1.475825210039524e-13,6.539950841772417e-15
18685547299.53419,1.5,0.003405343891681716,1.359856014407877e-13,4.264446013793874e-15
18115450912.06886,1.5,0.001832130346240025,1.533312724624422e-13,6.878421347049062e-15
18077147060.0093,1.5,0.002803350718636128,1.836575331039926e-13,5.454541383541137e-15
18657414190.78307,1.5,0.003043647155431776,3.826079089495493e-13,4.835202526311779e-15
18036836621.94247,1.5,0.002694302033403415,1.830550009082021e-13,5.650313005370661e-15
18738732655.69297,1.5,0.001858247204078625,1.503728264038972e-13,6.519910885811808e-15
18539573197.21085,1.5,0.003034052571493149,1.730937079448891e-13,4.891706751789498e-15
19051548940.96576,1.5,0.003448700289316013,1.186379951207557e-13,4.097811283381027e-15
18424300107.71157,1.5,0.001326404776500336,1.604342346167848e-13,7.279606608928294e-15
18804858883.58893,1.5,0.002363211152887374,1.505569469089717e-13,5.809143992726413e-15
18665292898.73018,1.5,0.003066964190654567,1.748075645366174e-13,4.796205100125072e-15
19005077768.16392,1.5,0.003214417224949904,1.669743718397225e-13,4.464425806603704e-15
18536036102.53838,1.5,0.002225221479636012,1.513705379250608e-13,6.119390681676718e-15
18422909233.91193,1.5,0.002845378872423674,1.696937459932399e-13,5.233095951965073e-15
18502715347.86067,1.5,0.002365356706405838,1.53799658635113e-13,5.931948674541291e-15
18719602184.18439,1.5,0.003068751944732735,1.746376019633242e-13,4.77525441649706e-15
18901242785.72248,1.5,0.00129519473965582,1.627629796254449e-13,7.067217678201351e-15
18215223152.40646,1.5,0.00328731125598782,1.52911865006996e-13,4.610812515463096e-15
18537672370.83221,1.5,0.003232314452660714,1.537316009558657e-13,4.5808111548242e-15
18453146319.52992,1.5,0.00302595000819864,1.9169331862129e-13,4.936464294442998e-15
18342581955.41561,1.5,0.003070435289383028,2.249298142815123e-13,4.908483284412791e-15
18605226867.6555,1.5,0.003174054372609943,1.728473137369165e-13,4.649299015333665e-15
18605705092.71885,1.5,0.002418726222028742,1.523969180393871e-13,5.808996745704479e-15
18707253398.31821,1.5,0.001363868773575564,1.405330368158233e-13,7.093245105257111e-15
19067817081.41694,1.5,0.00200967424733011,1.366013099366509e-13,6.190919522148298e-15
18428064149.97754,1.5,0.0007050692984186183,1.477490789834784e-13,7.762249578528909e-15
18420803080.06113,1.5,0.001715304567959906,1.528235106484761e-13,6.851583409808241e-15
18288337293.98773,1.5,0.002665743360726386,1.843174653690687e-13,5.572840835845136e-15
18578124856.77809,1.5,0.002059483845190511,1.509648501423221e-13,6.330244085620424e-15
18262072864.88756,1.5,0.003246499803241064,1.547530709429067e-13,4.658118803014612e-15
19092083767.15617,1.5,0.00153594098934007,1.394876883429785e-13,6.742450963212645e-15
18413241367.07118,1.5,0.001317885253549621,1.510267558778974e-13,7.294286862078321e-15
18663940704.28579,1.5,0.001303561114799606,1.503014569774472e-13,7.17375584115186e-15
18638871344.67446,1.5,0.003218986150027422,4.513265370533836e-13,4.568013248236401e-15
18538628918.62866,1.5,0.001389576487469992,1.486004908351015e-13,7.153559234852845e-15
18049669342.68974,1.5,0.003323346686492232,1.553720356442568e-13,4.619808961377802e-15
18667363671.55768,1.5,0.00228840363163842,1.484133825212612e-13,5.97200457477647e-15
18345157625.92675,1.5,0.00142646128048412,1.74261818334495e-13,7.222332199996256e-15
18353372412.2011,1.5,0.0005182007293638635,1.60718481433104e-13,7.899267351840068e-15
18733484377.21276,1.5,0.001338039429850782,1.707199696756247e-13,7.105774169777542e-15
18438096050.81522,1.5,0.002814325979886457,1.679812490915011e-13,5.275642699127945e-15
18790901115.26675,1.5,0.001389919751460078,1.385366611838877e-13,7.026790769940248e-15
18522542855.89282,1.5,0.002739984173618147,1.661015777364532e-13,5.357319848431971e-15
18406313028.86295,1.5,0.003111600507502788,1.766350085218705e-13,4.818421449453952e-15
18036368904.92012,1.5,0.002722213109807948,1.812845184459393e-13,5.605761115848726e-15
18188635029.57325,1.5,0.0009965859031559768,1.611320568522276e-13,7.71751866566849e-15
18380844531.09758,1.5,0.002206478034543272,1.610686704416383e-13,6.219345595261166e-15
18475593560.82129,1.5,0.002310354888852327,1.574457115565463e-13,6.024556415910937e-15
18200883564.83445,1.5,0.002348579809543249,1.635293050312268e-13,6.102134735806581e-15
19078080110.19038,1.5,0.002117395230490936,1.332262306501978e-13,6.045675247126581e-15
18455848998.5086,1.5,0.001482073633527289,1.961182290439539e-13,7.100730002345749e-15
18728321937.91542,1.5,0.002853001325873244,1.588763237583108e-13,5.105813094799136e-15
18071834431.14906,1.5,0.002005307143654372,1.535472867963574e-13,6.67157416465801e-15
18306101491.02258,1.5,0.003296931279628962,1.511286249817698e-13,4.560773960016883e-15
18034033697.93437,1.5,0.002006803563655671,1.614644183496721e-13,6.692578657442021e-15
18143612428.21022,1.5,0.003184398232121629,1.676046540234436e-13,4.806084696521917e-15
18960918782.447,1.5,0.002490380458026291,1.410661993943659e-13,5.567238622892333e-15
18296612500.27075,1.5,0.0005470820649607957,1.515006340413028e-13,7.923188432873074e-15
18541139668.80015,1.5,0.001655085725905901,1.485498276994281e-13,6.860848175037909e-15
18059483948.00634,1.5,0.002663260723581402,1.780243234328188e-13,5.688161033945031e-15
18577829821.7369,1.5,0.002457111591825612,1.546091833539233e-13,5.76398114634152e-15
18704092719.85447,1.5,0.003340526454492814,1.430713850482464e-13,4.358852964442729e-15
18119674549.33867,1.5,0.002754016148538163,1.817184019183877e-13,5.512930178915252e-15
18790600113.92632,1.5,0.003209207483915073,1.754955848840856e-13,4.535269587791334e-15
18909182508.75068,1.5,0.002430312677474901,1.462572782482035e-13,5.672979277752682e-15
18399645143.31378,1.5,0.003335542017767507,1.436366953525278e-13,4.465757832813044e-15
18505684625.40959,1.5,0.002487043934444986,1.52997416247134e-13,5.750060119027475e-15
19021702854.28638,1.5,0.002303920090592541,1.345256375833807e-13,5.811528396358749e-15
18966012974.427,1.5,0.002558046764952891,1.444026561491573e-13,5.466573503209208e-15
18586580242.87165,1.5,0.003332884456715255,1.508180438383714e-13,4.407353479343443e-15
18516839343.4453,1.5,0.003091766619396926,2.072042096895322e-13,4.809143784341962e-15
18365761375.8242,1.5,0.002375991965291253,1.634716837561853e-13,5.979241759005239e-15
18867776648.88894,1.5,0.001568470907962141,1.514134422026782e-13,6.803596768813878e-15
18508120942.90498,1.5,0.001506643180807559,1.504578310004107e-13,7.046012384947895e-15
18103386925.11329,1.5,0.003283115582123391,1.490175981270208e-13,4.662693264216954e-15
19090051222.28756,1.5,0.001280324136940024,1.285517182239811e-13,6.997245870118778e-15
19012335361.72914,1.5,0.003292799928420906,1.490622458939915e-13,4.34333434696024e-15
18868729901.13081,1.5,0.002928025412979692,1.66417973874997e-13,4.943238067043344e-15
19068630564.56401,1.5,0.0002926383358356867,1.362934101576076e-13,7.584276970400879e-15
19012885253.33059,1.5,0.001566283870780464,1.333075030454043e-13,6.742872839954376e-15
18341853047.70823,1.5,0.000284810607110829,2.408205981213597e-13,7.982176458595309e-15
18886692946.94212,1.5,0.003514921300518815,1.272197140882472e-13,4.040978900181612e-15
18115001418.72698,1.5,0.002330689967248062,1.654551579710777e-13,6.174872971337138e-15
18755803301.22865,1.5,0.003173096324896452,1.608622328040547e-13,4.601868605968927e-15
18094906357.70215,1.5,0.00115480017075174,1.543279298677647e-13,7.647025660582146e-15
18345843146.2952,1.5,0.0005046263832132658,1.812003064596458e-13,7.909604428642847e-15
18020030768.79882,1.5,0.002911164211236984,1.925536210252148e-13,5.307721346859236e-15
18226175121.26658,1.5,0.002287475333945782,1.591251406178248e-13,6.179849657548297e-15
18855796176.64698,1.5,0.003365387196786327,1.613521418755304e-13,4.276278793519999e-15
18360391154.96453,1.5,0.002872921666323473,1.980630437096524e-13,5.21533480113097e-15
18498056682.41266,1.5,0.003028863534102285,1.829220747266252e-13,4.915066594945857e-15
19039397516.44312,1.5,0.001939080279517544,1.344402993639278e-13,6.292179975909723e-15
18090269141.90353,1.5,0.003319340486549218,1.455852830735782e-13,4.609335923450899e-15
18643400730.8077,1.5,0.003052201811980965,1.847780277713609e-13,4.826677180216196e-15
18247269749.71213,1.5,0.002378016041565511,1.639840925797955e-13,6.03420924997703e-15
18834745650.66379,1.5,0.002858725833995668,1.604160064998174e-13,5.060397427717871e-15
18686646571.34812,1.5,0.002982798490899052,1.723141958551633e-13,4.919769640605945e-15
18837175881.80662,1.5,0.002905475569401887,1.618097428191124e-13,4.988100439687717e-15
18278125430.68048,1.5,0.002823242410357766,1.777085305869518e-13,5.329206290015632e-15
19081568271.35793,1.5,0.001896751413625668,1.29039213889202e-13,6.328833477086587e-15
18639302333.85376,1.5,0.003160449539558222,2.205535863225367e-13,4.65917255165752e-15
18048181359.11108,1.5,0.0008365412105974744,1.753132856982422e-13,7.932016582891535e-15
18301960500.05002,1.5,0.002705510404094033,1.803225253390088e-13,5.504406895351608e-15
18916451308.53235,1.5,0.001987851803305502,1.406424124382984e-13,6.278757750185091e-15
18667801951.11644,1.5,0.002013447370681224,1.414732815665297e-13,6.35121681661876e-15
18838892422.78497,1.5,0.002320592208261263,1.480050008677334e-13,5.85675107307706e-15
18879897896.29831,1.5,0.003074312239225972,1.688386606461052e-13,4.715465837699871e-15
18112259183.54324,1.5,0.002908269814938516,1.896074955690277e-13,5.268123923057265e-15
18386639118.87725,1.5,0.0009285076450595334,1.478160539048765e-13,7.643909587521422e-15
18402632170.51072,1.5,0.002534483182045168,1.623623439847418e-13,5.723671366150722e-15
18761314149.41769,1.5,0.002251463279971781,1.582440967093311e-13,5.985375638853225e-15
18292859436.28427,1.5,0.001981448249741317,1.777396286848133e-13,6.578179590181285e-15
18577109267.90867,1.5,0.002544619512965113,1.541323392261437e-13,5.633483114311176e-15
18283895710.4393,1.5,0.003224511464423506,1.551941719643648e-13,4.6849304041792e-15
18936213164.59391,1.5,0.002442222413592325,1.442353464812221e-13,5.645900452338973e-15
18421595374.86008,1.5,0.001062093461266293,1.436899133418899e-13,7.520265152536442e-15
18688408498.51265,1.5,0.001379666074487973,1.423582442427504e-13,7.086798606528168e-15
18930029053.56606,1.5,0.002783664178800016,1.621635571847663e-13,5.1425543406764e-15
18109062116.33895,1.5,0.003112997489695061,1.819740717597394e-13,4.936980255276609e-15
18741434741.23956,1.5,0.002983105115954906,1.694283554363123e-13,4.900632032770056e-15
18231755262.01082,1.5,0.002327941957888497,1.64624829968157e-13,6.116971872589019e-15
18198997935.27992,1.5,0.00211327361777572,1.552440016306936e-13,6.44665173412376e-15
18824618334.89691,1.5,0.0002012599170151054,1.384309709981596e-13,7.721525522711439e-15
18253381847.49524,1.5,0.002804481554263356,1.788175536341748e-13,5.369971123071939e-15
18511220041.76958,1.5,0.001389016065410551,1.506094547135024e-13,7.168749764081676e-15
18263986294.4286,1.5,0.002983388754749473,1.916920388608555e-13,5.079724433315365e-15
18922230917.22369,1.5,0.001755820033847608,1.519478705790437e-13,6.565182370064244e-15
18576966029.62604,1.5,0.003160518689274342,1.623020405921788e-13,4.680061952192166e-15
19099531938.99114,1.5,0.002201548260524366,1.351800559757822e-13,5.924521087773279e-15
18899117207.48742,1.5,0.002985845224874083,1.629284719801784e-13,4.845056093795599e-15
18987179762.12626,1.5,0.003153253388671058,1.547050962463957e-13,4.562673091317022e-15
18635016601.76622,1.5,0.001595771530372892,1.472798223892525e-13,6.882248325458017e-15
18534157628.97786,1.5,0.003071694572244178,1.761664316699676e-13,4.834506741917556e-15
18522439459.00401,1.5,0.002853104770024591,1.661309724537334e-13,5.181586033984778e-15
18172826847.71389,1.5,0.00294094067131494,1.857021200985642e-13,5.187593021733874e-15
18591640295.16821,1.5,0.003226076797144289,1.782384252998743e-13,4.572470756208017e-15
18175406557.97104,1.5,0.003327536809230701,1.527601016254774e-13,4.561717418782506e-15
18477660729.69327,1.5,0.001805278298260249,1.592144291978027e-13,6.711004652396196e-15
18625364195.62087,1.5,0.001978132088261703,1.562924318643605e-13,6.417194220047353e-15
18407907080.76913,1.5,0.001882880830089949,1.479192686179177e-13,6.647923723749986e-15
19098931579.56921,1.5,0.002782720198149066,1.638433050615928e-13,5.089774829555178e-15
18336658605.14985,1.5,0.002571395963827855,1.754574427821327e-13,5.697054161923098e-15
18143793117.53471,1.5,0.002531299454913244,1.727206837212128e-13,5.85250999430954e-15
18495500533.25563,1.5,0.002264277027323209,1.577664880895363e-13,6.082067565798588e-15
18278331521.6889,1.5,0.003108378505472345,1.83318041578221e-13,4.873330085231968e-15
18442368807.38496,1.5,0.003056396812061637,1.710596930023009e-13,4.892373407779557e-15
18163260392.7653,1.5,0.002425110303164426,1.729398198614001e-13,6.006016353490208e-15
18779335019.28349,1.5,0.000833714726864456,1.499205838307014e-13,7.491511493285464e-15
18269643729.24735,1.5,0.002797103021570548,1.76057414396609e-13,5.374422648409697e-15
19017802485.7524,1.5,0.002265353748013909,1.348671845658655e-13,5.866679643638126e-15
18869166612.09808,1.5,0.003163476104040232,1.662230644253905e-13,4.581815165788113e-15
18130032708.85115,1.5,0.002391241582123534,1.842169801240828e-13,6.075150003196513e-15
18053631738.60033,1.5,0.002603269953753154,1.770546532842627e-13,5.786522967036765e-15
18724720156.1199,1.5,0.003070751347055983,1.713048711004817e-13,4.770463491410934e-15
18588616845.88782,1.5,0.003368450266380993,1.383121529083049e-13,4.351345132235416e-15
18035098027.09639,1.5,0.0007772607852104498,1.747349077218235e-13,7.980356977772066e-15
18393724237.49092,1.5,0.002948610962943638,1.82049393565484e-13,5.081937460199279e-15
19060239709.79936,1.5,0.002263438987182715,1.314734534094701e-13,5.853857392003333e-15
18252947543.48143,1.5,0.0007282435184162167,1.475014394217053e-13,7.858906963569334e-15
18631873457.58336,1.5,0.003147362536834239,1.654128684816658e-13,4.682076645715589e-15
18187226990.94801,1.5,0.001435700768662276,1.515840302853644e-13,7.307612934931403e-15
18481427436.46212,1.5,0.002216833747063118,1.567597501330093e-13,6.156438979180589e-15
18252105922.84687,1.5,0.002227394005921236,1.558084652356685e-13,6.254330779893123e-15
18642597371.59967,1.5,0.003365355691765346,1.470087216392259e-13,4.339275531750204e-15
18277966356.99286,1.5,0.002815079308672326,1.761483484220416e-13,5.342230117926775e-15
18069159518.96071,1.5,0.001657299353695332,1.645763143611819e-13,7.128176008329824e-15
18154640079.15667,1.5,0.00221367246247416,1.617343340156237e-13,6.326587286743044e-15
18770070345.98094,1.5,0.001628984641067839,1.525694007560564e-13,6.780268508459981e-15
19012944277.01305,1.5,0.002913098817408256,1.567993382092934e-13,4.920289913777371e-15
18875604216.48754,1.5,0.001155034341784272,1.438102310991103e-13,7.204650251770861e-15
18263983121.66033,1.5,0.002755656006636958,1.784765713624194e-13,5.442568690878426e-15
18925537909.32471,1.5,0.003110169897640815,1.92572386379838e-13,4.646617261933288e-15
18286296623.78862,1.5,0.002728471641092017,1.741739869469864e-13,5.475381884024379e-15
18650236996.81988,1.5,0.0007025471960329154,1.370541195738658e-13,7.636864898981229e-15
18900970045.9842,1.5,0.001771677442601862,1.62976688640918e-13,6.555259715752846e-15
18427167596.2687,1.5,0.001487054009197073,1.439281014003285e-13,7.111019346788314e-15
18438536404.0617,1.5,0.001835994293516538,1.518508652949274e-13,6.692284027738804e-15
19005816150.94216,1.5,0.0003062309653109632,1.236420194930504e-13,7.610849836941047e-15
18140065736.03252,1.5,0.002152514160962829,1.677353566210914e-13,6.423408855115926e-15
18975871948.06717,1.5,0.003429209876785983,1.225330765431154e-13,4.146686317788636e-15
18941951555.95856,1.5,0.003372684207973148,1.359654357107339e-13,4.241291406023152e-15
18689724177.32333,1.5,0.001780802862794461,1.590964913674287e-13,6.638184818778437e-15
18560773810.47252,1.5,0.00151307545890867,1.465052899810301e-13,7.0115292373806e-15
18375690559.06638,1.5,0.0005132160181044366,1.548271104550936e-13,7.887328609912878e-15
18858441561.5558,1.5,0.0009519448783798343,1.431278291736091e-13,7.372202060394647e-15
19036307033.00829,1.5,0.002794796217459803,1.541562593295516e-13,5.091361346572053e-15
18808924586.70482,1.5,0.003482530291671522,1.202614219222549e-13,4.11095352142268e-15
18354239177.86946,1.5,0.003125117884126879,1.852627271383173e-13,4.816719904240092e-15
19003076725.08967,1.5,0.001889545480906855,1.346079607100137e-13,6.368783725794856e-15
18814814113.69918,1.5,0.0002801056311851886,1.386669675140256e-13,7.711717786002668e-15
19092475811.37294,1.5,0.00261937945581929,1.388530881941533e-13,5.3338705911548e-15
18835469189.26592,1.5,0.0033688851898071,1.373245130864762e-13,4.276694688237016e-15
19083276761.81918,1.5,0.00236125916631994,1.339945467631959e-13,5.709020600487528e-15
18617479838.47303,1.5,0.0022872680772797,1.504319816196325e-13,5.994883563491015e-15
18337366131.38152,1.5,0.0004256299977270852,1.604020841325231e-13,7.9445927826838e-15
18768097232.86296,1.5,0.002017088297329113,1.466435462695979e-13,6.302433449456461e-15
18990008092.71482,1.5,0.002541709647006762,1.370856129576012e-13,5.482182916244022e-15
18700083196.04135,1.5,0.003281849305022244,1.701713798577262e-13,4.450854384074961e-15
18876175913.62008,1.5,0.001194361328281457,1.439551783336811e-13,7.170400754117376e-15
18783812085.34852,1.5,0.002792984561911468,1.483633059710613e-13,5.178224430961603e-15
19008035743.56953,1.5,0.003424419838323762,1.286456584716094e-13,4.145484833490626e-15
19018801867.80354,1.5,0.001579084017834926,1.297254164524754e-13,6.7264136484561e-15
18792348280.16071,1.5,0.002940673825383585,1.717329967604468e-13,4.948997437265347e-15
18439723829.60699,1.5,0.003285136923688184,1.444770147967843e-13,4.53136642954522e-15
18502746956.16113,1.5,0.0009398921587941853,1.472921341414533e-13,7.567740279023476e-15
18722826070.36991,1.5,0.002104613748771894,1.434451780924168e-13,6.204598351335999e-15
18176217021.91048,1.5,0.003303129658870762,1.50886165550719e-13,4.600716592289181e-15
18948422237.59292,1.5,0.001970098090037911,1.379952580841783e-13,6.288738528201084e-15
18679029366.51442,1.5,0.003321166346447942,1.389195522652537e-13,4.396470350010869e-15
18644623814.88675,1.5,0.002755317613615719,1.685601641947032e-13,5.286384757181424e-15
18277721894.59494,1.5,0.002775810350848977,1.744884146178365e-13,5.40454024181457e-15
18537782879.3853,1.5,0.002396909895471566,1.508596833282584e-13,5.870119760794924e-15
18816924220.63841,1.5,0.003112342374725575,1.672936995172892e-13,4.676540037210332e-15
18130731747.54234,1.5,0.001475890677563542,1.563087373068427e-13,7.299581858582721e-15
18312735163.32206,1.5,0.001954446922890776,1.742048169152702e-13,6.603829847852857e-15
18098306462.45901,1.5,0.002243490106697017,1.641374852078595e-13,6.314214482187778e-15
18857946875.32631,1.5,0.003256625413651309,1.708705131853306e-13,4.442140972013195e-15
18456648407.1348,1.5,0.002642554718608646,1.805131289509756e-13,5.534720198179793e-15
18124310540.32531,1.5,0.001840788702075513,1.799025865366644e-13,6.861726088324177e-15
18887585413.74578,1.5,0.002460720928555381,1.424374756635122e-13,5.636872037942446e-15
18170771106.97497,1.5,0.00306466274438553,1.76996837214756e-13,4.988566119511031e-15
18295862224.77767,1.5,0.003371460691430285,1.378902995685832e-13,4.445843075035427e-15
18125854933.75878,1.5,0.0022693486011996,1.738107269906218e-13,6.260532656162262e-15
18572867411.18579,1.5,0.002905553527642512,1.703240424689843e-13,5.080662837722432e-15
18167179125.32337,1.5,0.001194615360084526,1.599404456449064e-13,7.562203774976771e-15
19070001402.29461,1.5,0.002173353728079588,1.354420296187115e-13,5.973538067848436e-15
18453864028.74088,1.5,0.002746883517898585,1.914790453715144e-13,5.37446718762131e-15
18442886481.51097,1.5,0.001287602316450894,1.467508342473268e-13,7.307061625062122e-15
18400009687.73207,1.5,0.002976835192035887,1.798724379229645e-13,5.034725043247799e-15
18804856789.29001,1.5,0.002115946914079796,1.451269559214986e-13,6.154669980942158e-15
19082651637.08227,1.5,0.002259110277817445,1.360045772789879e-13,5.851756260449589e-15
18855390661.90966,1.5,0.002480213986228315,1.489743078267633e-13,5.620361605396336e-15
18515966891.1312,1.5,0.002009214126903668,1.635310827308115e-13,6.427294056293888e-15
18858338673.89327,1.5,0.0009435719532678238,1.436333965945622e-13,7.378224059590124e-15
18963760648.88711,1.5,0.001591621410521436,1.41011274245745e-13,6.736033524178725e-15
18754316924.30989,1.5,0.001861904845117378,1.51851210625001e-13,6.508361185268884e-15
18028115517.69037,1.5,0.003268471617345094,1.612145191940417e-13,4.718633108791143e-15
18675579982.26146,1.5,0.001572421692900958,1.459734606630843e-13,6.888687160035971e-15
18660435312.87167,1.5,0.003211881261394444,1.667757930764998e-13,4.572082375181317e-15
18752723261.56372,1.5,0.003394447026170803,1.314615712057655e-13,4.261370288013573e-15
18050337544.99055,1.5,0.00198098134533721,1.582917929888047e-13,6.718374666692862e-15
18347866185.19408,1.5,0.002867872383897947,2.00343791107601e-13,5.228546580072643e-15
18534626465.99542,1.5,0.003260387938587175,1.572594668307127e-13,4.537782289200918e-15
18490799021.34884,1.5,0.002933938618140226,1.799276546139473e-13,5.067162747060315e-15
18824641898.63696,1.5,0.001700769733495513,1.477478236451688e-13,6.672617524923935e-15
18866929226.66923,1.5,0.00220156564622449,1.449980927970697e-13,6.012454877564478e-15
18299110563.17567,1.5,0.003320531952537494,1.434793057704825e-13,4.525736187993509e-15
19013546242.50754,1.5,0.002281151670162121,1.366416826011135e-13,5.846283811543131e-15
18663741071.29298,1.5,0.002843563455293826,1.664704915680755e-13,5.143461995213124e-15
18477094658.58953,1.5,0.003158839973211608,2.070802987811657e-13,4.717628493020648e-15
18625624800.09172,1.5,0.001904386179988218,1.512778420872736e-13,6.513053800021256e-15
19008299601.2328,1.5,0.002086126948485814,1.356603120738298e-13,6.113606729217782e-15
18858431673.55574,1.5,0.0006276245705032873,1.280362931672816e-13,7.567130002229003e-15
18277865927.9589,1.5,0.001795375413947136,1.50878261573224e-13,6.830468321257207e-15
18824004878.80843,1.5,0.003072854249982067,1.617942088759539e-13,4.7351688355956e-15
18106340540.55271,1.5,0.003278863333851009,1.581237419187243e-13,4.668367540279419e-15
18151762160.31126,1.5,0.00250930284078514,1.706922238184782e-13,5.882551812559762e-15
18808219532.62057,1.5,0.002409449540605538,1.431399551601828e-13,5.741159939898731e-15
18045851724.77951,1.5,0.001400165426563216,1.670371473315464e-13,7.438251002812848e-15
19095068434.57216,1.5,0.003040018142786603,2.50226362475505e-13,4.70361976810654e-15
18721408855.89922,1.5,0.003213954642811947,1.654381922417277e-13,4.54940793233016e-15
19001285899.80917,1.5,0.003337161324089152,1.338901124105482e-13,4.27908292236622e-15
18233162019.87858,1.5,0.00196185030927703,1.489528706296209e-13,6.637421142607167e-15
18778015095.22563,1.5,0.00340365152000953,1.296844714496286e-13,4.239939590673651e-15
18188724833.14001,1.5,0.00218238562916055,1.545535640990624e-13,6.353350338364056e-15
19087430912.4707,1.5,0.00346425205124464,1.139209766477366e-13,4.065509893321777e-15
18201575906.05968,1.5,0.00214271000010467,1.549666707819156e-13,6.403344166476635e-15
18984509932.1126,1.5,0.002049248928236072,1.322934379509781e-13,6.171517087563808e-15
18766807468.90487,1.5,0.003178255899928891,1.602254232176627e-13,4.590437471353566e-15
18856802582.46651,1.5,0.002932853961122843,1.804348143007303e-13,4.939731318267322e-15
19035820099.75271,1.5,0.002041505973480833,1.363110494954134e-13,6.161799591759769e-15
18975183388.77984,1.5,0.0003127292350620546,1.391810169705749e-13,7.624036343621606e-15
18336522161.20061,1.5,0.001809194491276794,1.769693463483037e-13,6.780429374907694e-15
18208959177.65045,1.5,0.002230024438111827,1.538246086114541e-13,6.27326016116906e-15
18131716905.3652,1.5,0.002013229424715151,1.626355580472512e-13,6.625027025605307e-15
18134257003.75614,1.5,0.002990822741337801,1.954356650505328e-13,5.124283438350954e-15
18773559651.75027,1.5,0.002054324147368855,1.550324099063903e-13,6.250670860300953e-15
18091107423.44838,1.5,0.001777994229427636,1.502516036976858e-13,6.963405110403443e-15
18417252891.12228,1.5,0.002011779028181632,1.533030967645748e-13,6.472372881172998e-15
18157575684.13699,1.5,0.001489710621805294,1.480702617101335e-13,7.267114263273871e-15
19043171851.90773,1.5,0.003293198356915964,1.552340874577481e-13,4.33437627637857e-15
18441903077.31187,1.5,0.002026715538421067,1.478387512616542e-13,6.439835877099893e-15
18060320245.73287,1.5,0.001421302172756044,1.616647529824564e-13,7.405707422307659e-15
18887019080.60034,1.5,0.00240434086505123,1.440675949023965e-13,5.718640092868817e-15
18275338804.27822,1.5,0.00180827288390601,1.552735585175758e-13,6.815492922757843e-15
19060789741.89201,1.5,0.001799088847645348,1.268126949354769e-13,6.456436167454135e-15
18717262389.01017,1.5,0.003265110283369075,1.588135222088908e-13,4.471451251537715e-15
18874892211.63105,1.5,0.002606989339422773,1.54411980957848e-13,5.426330320589785e-15
18874959134.23564,1.5,0.003206747798909056,1.605640004630575e-13,4.513654344296065e-15
18700789169.5966,1.5,0.00318725427302141,1.787483559985752e-13,4.597384483497939e-15
18163005189.7233,1.5,0.0008662299274590555,1.649590634692268e-13,7.831013733500124e-15
18518082489.88256,1.5,0.003112612321052688,1.777067846500351e-13,4.775876647427687e-15
18679934860.74494,1.5,0.002936985744702776,1.637520977516108e-13,4.993156910550581e-15
18722096285.06808,1.5,0.003196688180081732,1.694987455648108e-13,4.575959113628915e-15
18142818851.3328,1.5,0.0006450804600123129,1.484208107400443e-13,7.979466569961217e-15
18490145301.11842,1.5,0.002291251288803751,1.53315253145572e-13,6.045616170879393e-15
18239578755.14789,1.5,0.002686066090667992,1.810499861407665e-13,5.563505031631482e-15
19036382116.652,1.5,0.002556052738108937,1.41644117865668e-13,5.445319878047135e-15
18352247959.90574,1.5,0.002912932614243489,1.917810680492116e-13,5.155311732635637e-15
18506198093.33859,1.5,0.00300692359404506,1.896230379057825e-13,4.946592442228252e-15
18869193555.87935,1.5,0.002450072648196022,1.398938042215542e-13,5.659152810859667e-15
19051623400.45393,1.5,0.002772898289579486,1.414135747590813e-13,5.119316357826881e-15
19015816071.41757,1.5,0.002416138732224837,1.369603588886104e-13,5.654847817471494e-15
18620323084.5199,1.5,0.00223110322738693,1.464712439866057e-13,6.073564453629435e-15
18684281327.09224,1.5,0.001703668534068142,1.468435674585812e-13,6.733550233468104e-15
18583892404.94158,1.5,0.002139682546895267,1.608470416091224e-13,6.217704853748329e-15
18268935300.37481,1.5,0.00137857037685648,1.717449815799247e-13,7.317608222087276e-15
18806533287.45387,1.5,0.001534536377912046,1.390297816236646e-13,6.868466570134533e-15
18426844101.47968,1.5,0.0005394729895526215,1.467533923920443e-13,7.844782725202291e-15
18083195582.94248,1.5,0.0009065869054990335,1.612655497732665e-13,7.857764515673899e-15
18318408634.02877,1.5,0.002227112371503244,1.871729034709682e-13,6.220736758990089e-15
18147922739.03173,1.5,0.003349721977830912,1.431827157074131e-13,4.536835653465332e-15
18259550874.30709,1.5,0.003335604151266537,1.396243878554904e-13,4.516422644218509e-15
18152492509.85896,1.5,0.003252339683188603,1.548542720709594e-13,4.692312226963821e-15
18816195234.05894,1.5,0.002275980530505384,1.511828579477551e-13,5.928777218305153e-15
18005575864.70264,1.5,0.001360829159726983,1.5591861424566e-13,7.50778212177153e-15
19053805160.80427,1.5,0.003020632236234964,1.541222902962612e-13,4.744986067853845e-15
18755533106.69274,1.5,0.002965416201110199,1.599658222268272e-13,4.923213013867402e-15
18378214497.46512,1.5,0.001174346755292868,1.524418219274737e-13,7.449619899887972e-15
18842160991.32085,1.5,0.003255511849047138,1.926086100041677e-13,4.448492285191678e-15
18123315959.28016,1.5,0.0009558920389085957,1.600951370609659e-13,7.793087868593733e-15
18675293992.91229,1.5,0.001939620118357722,1.468383365623198e-13,6.444723999777238e-15
18092613672.67116,1.5,0.002891523842005783,1.868386412945722e-13,5.304512221125194e-15
18186486935.68425,1.5,0.002889480480827097,1.763372740159422e-13,5.264271126930448e-15
18457918602.58631,1.5,0.001563009896198549,1.822575569591772e-13,7.010152863670037e-15
18324607405.02558,1.5,0.003409355890962325,1.410903658093347e-13,4.375417778922467e-15
18384132856.01358,1.5,0.001552486094146977,1.544594877993151e-13,7.062339568492659e-15
18198957789.14138,1.5,0.002973006563206576,1.783315524526261e-13,5.124335954918138e-15
18169351087.80556,1.5,0.001700250210513804,1.756791407090606e-13,7.01281135014236e-15
18753772151.42302,1.5,0.002963033660164514,1.601585218826173e-13,4.927483725486008e-15
18818866199.24225,1.5,0.0008334741734281695,1.441962127590858e-13,7.471754474516367e-15
18981738418.52509,1.5,0.003118653874565855,1.621317695597415e-13,4.617013341514173e-15
19056434302.86976,1.5,0.002362582995401292,1.299131419182835e-13,5.716603763209078e-15
18581304036.35207,1.5,0.002299964600277581,1.665215014472803e-13,5.992345442835407e-15
18849998612.12291,1.5,0.001282666816941956,1.504547968745435e-13,7.102757510163649e-15
18116192568.21828,1.5,0.001666392292940468,1.569353539006684e-13,7.087112641552872e-15
18336586757.4969,1.5,0.003002060701461987,2.017219852506722e-13,5.019931499679493e-15
18084681095.42648,1.5,0.003036130507503334,1.954743118552519e-13,5.073128861265789e-15
18959363889.52915,1.5,0.002535718361277627,1.417888983499025e-13,5.501636525383104e-15
18338623091.5525,1.5,0.003275813313809032,1.672449200756267e-13,4.582393592459292e-15
19016736080.8871,1.5,0.001349983570057849,1.333379663775512e-13,6.963371522370586e-15
18946010960.68916,1.5,0.001460592561179207,1.595495108106063e-13,6.883880186845643e-15
18466243215.94383,1.5,0.002159104287567528,1.647406448280325e-13,6.245221909086789e-15
18180162137.00169,1.5,0.003160663586947811,1.746594544233489e-13,4.829234797514024e-15
18106388612.11403,1.5,0.002657888445640488,1.782894122247286e-13,5.672694180089494e-15
18992805234.55324,1.5,0.00334922563368171,1.316345452298357e-13,4.263092933182284e-15
18301784346.314,1.5,0.003030794935384078,1.940125012644515e-13,4.988153264230842e-15
18130394608.26943,1.5,0.001710278988926023,1.561656483583849e-13,7.024300544268954e-15
18823257253.38188,1.5,0.003086301566800845,1.62199000251959e-13,4.714687201766032e-15
18952864943.67911,1.5,0.003400665250881409,1.322724259774614e-13,4.19593409565698e-15
18232162631.46755,1.5,0.002657995943785813,1.761465555567097e-13,5.611082473929777e-15
18827568191.21896,1.5,0.003461567267383489,1.286075806831474e-13,4.137651964984886e-15
18099559694.06645,1.5,0.003280419820242038,1.564016573826652e-13,4.668665813174384e-15
18419997352.63631,1.5,0.002670893906010781,1.636893358910794e-13,5.506595247265431e-15
18429992074.52829,1.5,0.002810201574818556,1.680688318238341e-13,5.285408121306199e-15
18173918754.08098,1.5,0.002463071348443473,1.866410797108521e-13,5.942433378368789e-15
18578090834.3141,1.5,0.003303857137948129,1.549504873484832e-13,4.455368440021769e-15
18168197696.13779,1.5,0.00329271381420779,1.462009538809259e-13,4.620711154670157e-15
18859196457.2872,1.5,0.002859604995703202,1.697377166013958e-13,5.050869903386117e-15
19020113648.86795,1.5,0.002699553440297027,1.402377497048771e-13,5.238971082865422e-15
18250703172.64544,1.5,0.002760277375671604,1.804870981408691e-13,5.441273246860186e-15
18015485022.30399,1.5,0.002744559742730355,1.80209990054272e-13,5.580588518233134e-15
18037653394.53165,1.5,0.003345070811600415,1.451838233464354e-13,4.589509870012696e-15
18988351652.33417,1.5,0.002211866545993309,1.349545853579809e-13,5.951445289403272e-15
18589707018.03229,1.5,0.002339232675165116,1.862761862948144e-13,5.931949517165954e-15
18701730947.66092,1.5,0.0008906679321255761,1.448772391655448e-13,7.493962617956533e-15
18853237412.1962,1.5,0.001055881504611339,1.497283060349168e-13,7.296579548283574e-15
18001021678.70885,1.5,0.003082232493649663,2.023608582717716e-13,5.036508772397324e-15
18243703403.93745,1.5,0.000905170445352149,1.521090237982617e-13,7.750022177048778e-15
19096161514.41141,1.5,0.00113793358882305,1.207930039547809e-13,7.11902493567143e-15
18871728504.40496,1.5,0.001446995295238173,1.498545099016819e-13,6.931198791759582e-15
18589789259.23079,1.5,0.001195941981046987,1.508696619906671e-13,7.31202176205845e-15
18263675050.97167,1.5,0.00166215593238799,1.582975067163028e-13,7.003101697406712e-15
19044679300.22044,1.5,0.003437070567308717,1.250322899880597e-13,4.117007688333549e-15
18123833510.31487,1.5,0.002976277327194593,1.917405412208316e-13,5.15258899560986e-15
18358525773.6531,1.5,0.002826170134481753,1.85396531951057e-13,5.289971352354578e-15
18982366103.26554,1.5,0.003303655378093382,1.392400813937206e-13,4.335054516494702e-15
18420975229.30286,1.5,0.002558589357238121,1.579641290832703e-13,5.678781851345753e-15
18742484923.06612,1.5,0.001985172157840693,1.481467597747496e-13,6.355482648011013e-15
18122510588.56339,1.5,0.001233641661881527,1.552609760330714e-13,7.555088717341552e-15
18224557427.384,1.5,0.002142556603034574,1.586132174138294e-13,6.391085720287666e-15
18939904479.93823,1.5,0.00328315278986185,1.548615643292581e-13,4.378050701068145e-15
18937071464.93312,1.5,0.002224732209679296,1.456421266586872e-13,5.953185486123403e-15
18437762218.63316,1.5,0.002397467730371203,1.498788424649467e-13,5.913838858236116e-15
18038016289.45016,1.5,0.001995098017169817,1.582153104735458e-13,6.706412145314867e-15
18318580179.66907,1.5,0.002393994520109528,1.670037087083864e-13,5.975013842799077e-15
18587790990.37169,1.5,0.002995858133951216,1.780304726281157e-13,4.934181999100436e-15
18814469785.72934,1.5,0.002779181967180405,1.539118003765223e-13,5.188543497445676e-15
18278252727.98295,1.5,0.002383202354529114,1.632996092091658e-13,6.010937209786926e-15
18805013554.31262,1.5,0.002680174044933222,1.503089378640796e-13,5.341757623097193e-15
18455143901.02983,1.5,0.003326099482682492,1.483574492686873e-13,4.461465452200167e-15
18623642921.84764,1.5,0.001450015070111333,1.408093019688763e-13,7.046984552860525e-15
18549811233.65725,1.5,0.002198677325507086,1.521462385899543e-13,6.150700977543389e-15
18205495884.39904,1.5,0.00328307631998102,1.450898903447435e-13,4.621439100881742e-15
18100249105.35732,1.5,0.00282825736137769,1.812862694601292e-13,5.403108272182369e-15
18044630189.12332,1.5,0.00337814792166213,1.56053905710187e-13,4.532785067339291e-15
18182011774.54472,1.5,0.002603529166156024,1.711537956639813e-13,5.720622145821034e-15
18945193617.31004,1.5,0.001052300960114943,1.418619627813906e-13,7.255841565096161e-15
18852030551.43542,1.5,0.002624181459868572,1.549821371503302e-13,5.408879221262336e-15
18629585004.82958,1.5,0.002963637027130117,1.722051374484114e-13,4.969533198083057e-15
18945050850.17891,1.5,0.002410305113309971,1.54940825011456e-13,5.688646742459724e-15
18911096323.79121,1.5,0.003150112730112978,1.659703550449924e-13,4.589763666841051e-15
18155667972.16358,1.5,0.002418254180042921,1.673835715590987e-13,6.020441152943411e-15
18125516318.42991,1.5,0.0003849098058265474,1.588025627438556e-13,8.101211006479949e-15
18979433787.91077,1.5,0.002265710830540296,1.38861465805059e-13,5.88038469869788e-15
18807335764.26947,1.5,0.00278053097928858,1.515516190326807e-13,5.188973833636428e-15
18091122688.47454,1.5,0.001410675584556001,1.531266762567461e-13,7.396533698895687e-15
18328644190.24873,1.5,0.002942971843119297,1.895635240932324e-13,5.117307492912857e-15
18504745657.77916,1.5,0.002955933603584775,1.836084186784032e-13,5.027308177623764e-15
18515269999.55365,1.5,0.002540191910550613,1.611058968813276e-13,5.665965171335316e-15
18543110873.11319,1.5,0.00191832340725642,1.594221814149626e-13,6.534225507294015e-15
18107452869.56255,1.5,0.003040832199225882,1.925776357223941e-13,5.05514564702318e-15
18550433359.27695,1.5,0.002402814869113101,1.61159578768454e-13,5.85594035726816e-15
18583973967.86755,1.5,0.00276407002056868,1.651684906881623e-13,5.296010821548053e-15
18325414145.95138,1.5,0.002380375960277705,1.660266189074392e-13,5.992060839957326e-15
18796795853.06173,1.5,0.003363190603348578,1.398463861060822e-13,4.29650543033372e-15
18429639431.54919,1.5,0.001423769637285474,1.4420049576254e-13,7.177281364353185e-15
18632540845.58348,1.5,0.002268690639699388,1.525610677089098e-13,6.014934773176263e-15
18851133754.71466,1.5,0.001628523514460766,1.517992643953054e-13,6.74403498228572e-15
18119329516.19559,1.5,0.002966864373076746,1.844810013412812e-13,5.169911017122029e-15
18582895052.34199,1.5,0.002055178207196673,1.596661534097489e-13,6.333872617706852e-15
18194886538.36764,1.5,0.003271274656535485,1.482046203794048e-13,4.644638043258635e-15
18953290690.14046,1.5,0.002569905552683747,1.431332546239644e-13,5.453571866044802e-15
18190082040.52036,1.5,0.003064747491571611,1.777577876127637e-13,4.980139116444915e-15
18722062572.64272,1.5,0.0008194582150319993,1.39757480399398e-13,7.529984133158815e-15
18167146284.92128,1.5,0.003129153484079049,1.70660382186631e-13,4.885696439980558e-15
18833690081.22174,1.5,0.000834778771743645,1.427452612339991e-13,7.463543717032346e-15
18573030153.94159,1.5,0.002194840949400337,1.49732276902215e-13,6.145619949149865e-15
18039993669.17739,1.5,0.002777724280886391,1.805402230111335e-13,5.514471613735204e-15
18848853004.24631,1.5,0.003339703799872698,1.715527890188607e-13,4.317498026216306e-15
18293751594.06702,1.5,0.003061419098402556,1.945677934336714e-13,4.9423919855345e-15
18000493364.00232,1.5,0.00275655456257611,1.865441399340711e-13,5.569014516917865e-15
18842479038.57331,1.5,0.002528288148048856,1.624395604099446e-13,5.554580351108094e-15
18898684778.14441,1.5,0.003021556702350749,1.645399705892923e-13,4.79052476496797e-15
18986356650.05066,1.5,0.00324363859200324,1.471983763761974e-13,4.425208966144611e-15
18677214933.56516,1.5,0.001726819591634502,1.452057735020658e-13,6.709326601467265e-15
18599687890.94752,1.5,0.003424669551249483,1.311177862873069e-13,4.260665533250396e-15
18273158504.24118,1.5,0.002080126006210416,1.74458381821612e-13,6.453099216395231e-15
18645449942.26748,1.5,0.002134216212147179,1.476301001906814e-13,6.197757162094146e-15
18552926878.17048,1.5,0.003050889374400565,1.708457928268564e-13,4.860462255599592e-15
18252806815.01983,1.5,0.002653721724402018,1.740042353603841e-13,5.608080404376365e-15
18378457315.28379,1.5,0.002666495096736822,1.707678293725111e-13,5.531372060411714e-15
18617850849.84309,1.5,0.00337864274124928,1.310084664907538e-13,4.326352338488e-15
18915438179.68737,1.5,0.001987982330084349,1.420170202020445e-13,6.279000311808848e-15
18159587059.14359,1.5,0.002999053676818109,1.841669817747642e-13,5.099630268613165e-15
18087258542.12089,1.5,0.002843145637463727,1.850467938642658e-13,5.38535865598317e-15
18750438551.31983,1.5,0.003023585926506021,1.650239052864852e-13,4.835022741182128e-15
18362611292.965,1.5,0.003402489450275687,1.475624708567581e-13,4.372940572376228e-15
18117226060.47983,1.5,0.003044809555883677,1.85874083259992e-13,5.044291827433269e-15
18342929424.92084,1.5,0.003306221264630577,1.817280640393834e-13,4.532447966006482e-15
18335205006.39485,1.5,0.002137163846668004,1.69741987099171e-13,6.340680736257524e-15
18910626649.84529,1.5,0.002929071863693689,1.605900211298948e-13,4.928140372006548e-15
18073121791.93796,1.5,0.00205989249193057,1.620089474744754e-13,6.594344358683852e-15
18189139905.13833,1.5,0.001542419290799751,1.503896484001497e-13,7.187982516758847e-15
18844243506.6406,1.5,0.003181288574050273,1.887766499472978e-13,4.561957244828601e-15
18958123071.01554,1.5,0.002831080407734785,1.50724351931316e-13,5.061729445944705e-15
19010208323.70255,1.5,0.002712227767228866,1.443261017906776e-13,5.223329976624223e-15
18596143610.28179,1.5,0.001451801719814017,1.511123948567539e-13,7.059086593738868e-15
18802085580.82267,1.5,0.003187974196426479,1.657429498565254e-13,4.564503380008513e-15
18976773708.89059,1.5,0.003074065145383208,1.707452260043058e-13,4.686488405677367e-15
18948013927.67014,1.5,0.002607072912981031,1.522960760350173e-13,5.400550230733371e-15
18599783988.33879,1.5,0.002383312190451011,1.501682188781651e-13,5.863438710852102e-15
18740765401.717,1.5,0.001135692942440618,1.430824426570057e-13,7.28664479255897e-15
18883174648.21193,1.5,0.00106366479027765,1.472360260398457e-13,7.276096310469343e-15
19057506246.50144,1.5,0.00291529809559301,1.457012895667105e-13,4.903328467706475e-15
18882636267.57104,1.5,0.002119625530373417,1.432103825865479e-13,6.118051611229195e-15
19008313664.1634,1.5,0.001822639614367446,1.465169571029955e-13,6.449069866402621e-15
19086356031.81089,1.5,0.003257734615978022,1.409671722133351e-13,4.376418812858319e-15
18188694923.70408,1.5,0.001850879787727115,1.482196405559338e-13,6.810221134409984e-15
18681618711.11634,1.5,0.003429207546737992,1.32882256162671e-13,4.228878887567358e-15
18875729737.34076,1.5,0.002453304008780671,1.480551782794444e-13,5.652031100356408e-15
18262298962.0188,1.5,0.001088136935484698,1.664495962478316e-13,7.59527463491408e-15
18649799023.36058,1.5,0.002382967621670451,1.482658913621418e-13,5.842956445932445e-15
18344004767.43125,1.5,0.002485243159076359,1.755758144728567e-13,5.825339972843624e-15
18742421743.51805,1.5,0.002507425343191688,1.458260001007117e-13,5.623116451452633e-15
18701533166.3465,1.5,0.001790648671426573,1.447635542779542e-13,6.620666999661611e-15
18319916270.26873,1.5,0.003284149756647222,1.496762246780515e-13,4.576025050414946e-15
18089271091.66988,1.5,0.003039417502153744,1.88569413532722e-13,5.065679325453762e-15
18128889926.08353,1.5,0.003308427557368645,1.479034134580984e-13,4.611176149370627e-15
18218988980.84695,1.5,0.000947654864636532,1.533459992475544e-13,7.735043477872049e-15
18785338956.4799,1.5,0.002612690835284975,1.491283537997813e-13,5.450264772464615e-15
18413159337.77433,1.5,0.003264738166051194,1.584040350588173e-13,4.572984612805328e-15
18799887965.06312,1.5,0.002838339229945317,1.600283802035663e-13,5.103395301265132e-15
18714785418.6051,1.5,0.002405647411280049,1.462696454992072e-13,5.783407859216937e-15
19010015668.76844,1.5,0.002825888053679943,1.510987372647244e-13,5.05295195029029e-15
18452098298.27847,1.5,0.001719667635627386,1.65793800400607e-13,6.829773687455559e-15
18028914153.75197,1.5,0.001088925745208412,1.93409639002773e-13,7.751454980258451e-15
18451891959.17988,1.5,0.00203832833634416,1.684416592416694e-13,6.419135600697419e-15
18559999979.88485,1.5,0.00169720892030957,1.508351539389389e-13,6.801584541514657e-15
18932038449.55408,1.5,0.003240553830583794,1.64233760773506e-13,4.445285765173818e-15
18824460198.93223,1.5,0.0004912230194660673,1.315499782421147e-13,7.643274376545758e-15
18671615879.43251,1.5,0.002058628619039954,1.521049250162201e-13,6.289111093393687e-15
18846473936.62636,1.5,0.001753380308184964,1.491338090702449e-13,6.60070886960801e-15
18721725222.33036,1.5,0.003333018314485925,1.458350303983467e-13,4.365107323460662e-15
18950599745.33884,1.5,0.002276345308698946,1.424537995867132e-13,5.876359086751057e-15
18497145759.39656,1.5,0.002268270287727192,1.563664592755898e-13,6.07557169467369e-15
18758005262.03646,1.5,0.001779956360156375,1.484407647145322e-13,6.60795424420089e-15
18950529300.15522,1.5,0.002329247376653755,1.412867067875128e-13,5.802074756327964e-15
18339043977.74202,1.5,0.002755608906274106,1.880960867513042e-13,5.409391642373125e-15
18434065824.18717,1.5,0.002603665063202773,1.612431696913987e-13,5.604116653166447e-15
18725387527.34356,1.5,0.002752996370441583,1.584251498407698e-13,5.26007880418129e-15
18901526407.66885,1.5,0.002503299070020947,1.601584972725163e-13,5.569698664060206e-15
18750510861.32429,1.5,0.0001919367004499775,1.315816985970824e-13,7.761743880805575e-15
18151797632.41511,1.5,0.0009410936817830455,1.699388936030445e-13,7.784758015054719e-15
18556163356.74008,1.5,0.001591011750355173,1.512354339956596e-13,6.927105559662618e-15
18879819196.53132,1.5,0.001196962141999725,1.543826246485214e-13,7.166407342302359e-15
19008634953.57702,1.5,0.003045407882277422,1.702508877685922e-13,4.720685074514807e-15
18333028379.69775,1.5,0.002751670121413726,2.033780358283866e-13,5.418198894265231e-15
18889369640.75415,1.5,0.001953007093681271,1.470656296908423e-13,6.334789335373106e-15
19067740658.73957,1.5,0.002615065153666081,1.377188767911889e-13,5.348327450716692e-15
18847240276.98283,1.5,0.002675927818076638,1.646958717779992e-13,5.333113095450405e-15
18737004621.10644,1.5,0.003206336734176918,1.65751891102113e-13,4.556311789230391e-15
18145176964.64236,1.5,0.002757151332005003,1.833947871449719e-13,5.495560195225556e-15
18362445262.25109,1.5,0.002169140255168917,1.653230239991951e-13,6.281672364533905e-15
18739438370.02882,1.5,0.001079682308173899,1.427581770166461e-13,7.333682382753831e-15
18420303206.24509,1.5,0.0019790937360552,1.504549722486914e-13,6.514801233705454e-15
18414061184.7337,1.5,0.003267923709681075,1.53959543564102e-13,4.567620712104329e-15
18667843162.81293,1.5,0.003481274381522421,1.24810081227461e-13,4.152967071931637e-15
18381411306.98581,1.5,0.003125530905143602,1.786485970318754e-13,4.805686134159581e-15
18000524141.87535,1.5,0.002766666316417088,1.86898660600669e-13,5.552632670612793e-15
18661593971.6605,1.5,0.001341841568900438,1.382103834015584e-13,7.137783225641745e-15
18873681895.85761,1.5,0.003231410832267802,1.594132405549269e-13,4.476198502134722e-15
19027835225.89276,1.5,0.003406858555175294,1.260890043935024e-13,4.166777000432135e-15
18269234252.39434,1.5,0.002574337746700461,1.649535177642148e-13,5.72392926428503e-15
18765787142.8351,1.5,0.0004759592173100957,1.345838350368387e-13,7.679323882342777e-15
18053615435.31929,1.5,0.001923801997284143,1.558429212785363e-13,6.794585914974875e-15
18939340850.89598,1.5,0.003252330770815824,1.715714338207364e-13,4.425222722872735e-15
18330773285.74832,1.5,0.002739256101272668,1.843669314572399e-13,5.438678856286613e-15
18941765565.3046,1.5,0.003145688533003295,1.635691450845945e-13,4.587458510476341e-15
18659358518.73916,1.5,0.002169053009941591,1.443996196088919e-13,6.143499216398128e-15
18311744186.98505,1.5,0.003389971060002819,1.358217362234903e-13,4.41071032490981e-15
18205693681.17968,1.5,0.001922962404599168,1.519951688260318e-13,6.705188363187353e-15
18090765626.19025,1.5,0.002639097446575868,1.713270829989935e-13,5.710440043148158e-15
18129006039.44745,1.5,0.001090679875539011,1.578600783302296e-13,7.68021656468298e-15
18601972811.34141,1.5,0.001213179508539886,1.489133027831531e-13,7.29005539693704e-15
18194587027.9241,1.5,0.001625599322000892,1.481959450966965e-13,7.087778139783715e-15
18686719489.01086,1.5,0.001691466031372707,1.448383873561804e-13,6.746809615026042e-15
18107080408.0622,1.5,0.0003799883864115233,1.559635533480475e-13,8.116021631811017e-15
18445908729.14548,1.5,0.003338631583541727,1.418862289982469e-13,4.444893516691779e-15
18581704704.37889,1.5,0.002735578277692322,1.697237882441738e-13,5.340795724146338e-15
18751695562.84631,1.5,0.002781915953122764,1.499373924112312e-13,5.206465123261981e-15
19050761715.83814,1.5,0.0004991849266177304,1.225860734982878e-13,7.529853812035083e-15
19074705913.84338,1.5,0.003401163523298314,1.211296616196944e-13,4.163241328149862e-15
18155896917.06637,1.5,0.001579505903813368,1.499846940175351e-13,7.165826074439892e-15
18391069990.76502,1.5,0.002023406279983935,1.533838347435337e-13,6.469852187530571e-15
18685656712.18145,1.5,0.0009693659204253683,1.487712173059263e-13,7.446574957407539e-15
18747265781.82036,1.5,0.002120403271323934,1.468118309532673e-13,6.172704092715936e-15
18390860867.06933,1.5,0.003382804154729383,1.414561918688355e-13,4.394205431605022e-15
18247135241.86505,1.5,0.002025717475292453,1.546980901649035e-13,6.542587384070171e-15
18455494551.34981,1.5,0.002262609250505318,1.853231938628333e-13,6.102979442280637e-15
18401497627.98307,1.5,0.002706210770486221,1.743342326851084e-13,5.45970442207316e-15
18053615940.6096,1.5,0.001913143018313795,1.557396383943872e-13,6.80900303791515e-15
18368544849.19955,1.5,0.003168279710168038,1.786462277987471e-13,4.742500470779096e-15
18992924261.59193,1.5,0.003395773062744173,1.259223443491838e-13,4.192656432715345e-15
18354540509.54385,1.5,0.003336725980792762,1.529637205633327e-13,4.479834296638741e-15
18512663438.85944,1.5,0.00346407413891401,1.302378109057267e-13,4.226742518995107e-15
18342644241.77152,1.5,0.001623332927430977,1.748969072444512e-13,7.004036547428465e-15
18071197590.84719,1.5,0.001862992403287733,1.600400216848056e-13,6.865130632339184e-15
18439042612.1736,1.5,0.00203072186212452,1.514073605934495e-13,6.435818596556099e-15
18415450057.74393,1.5,0.002055362886940276,1.535165501218002e-13,6.413946566483231e-15
18883299649.0402,1.5,0.0004713607365216187,1.360034060470442e-13,7.621018487169283e-15
18713438381.50216,1.5,0.002867318652205323,1.63731508602029e-13,5.089027809099674e-15
18334032517.79451,1.5,0.002168344199743691,1.704922701028737e-13,6.297103981969055e-15
18272219704.13715,1.5,0.002670634832055983,1.840219030999315e-13,5.572588381784689e-15
18817460267.16793,1.5,0.002660752221050437,1.499436064564337e-13,5.366509608605818e-15
18425065335.60284,1.5,0.002173902993284919,1.558258123113559e-13,6.244129967544791e-15
18335735145.68058,1.5,0.001950938085639838,1.741807823280755e-13,6.596248194827696e-15
18364457995.59819,1.5,0.00264871821255125,1.700045551971395e-13,5.565101473821594e-15
18645222963.38494,1.5,0.00298466024459755,1.812049301081071e-13,4.93128006237972e-15
18182632247.15368,1.5,0.003384074214702097,1.356666871970288e-13,4.46804148216946e-15
18857100513.21876,1.5,0.002043130369838948,1.490525346764124e-13,6.230641959442471e-15
18947484406.97277,1.5,0.002388065109782894,1.444102647439746e-13,5.719614557520051e-15
18878593744.91825,1.5,0.002374568976571892,1.51360290083916e-13,5.764548911628116e-15
18971630427.80656,1.5,0.0005351849225717942,1.353682764222105e-13,7.553040355839013e-15
18176353488.63234,1.5,0.002670672798893158,1.865502599126034e-13,5.617830823267194e-15
19090162918.52637,1.5,0.002230477776886966,1.282241811144827e-13,5.888419903504329e-15
18881546619.23317,1.5,0.001658445769618252,1.527489792232107e-13,6.696510910614365e-15
18920542001.50201,1.5,0.002492885039042744,1.438965830124552e-13,5.578036013061074e-15
18457000190.91018,1.5,0.002810109738707154,1.790587534749765e-13,5.274581214912498e-15
18101831605.85492,1.5,0.001652054416473894,1.509260903044591e-13,7.113611339215205e-15
18735882673.07033,1.5,0.002525225253989331,1.452392592725918e-13,5.599271273582981e-15
18684249033.72173,1.5,0.002977861182281785,1.790778495044276e-13,4.928259373156888e-15
18792898106.08271,1.5,0.001998802142121735,1.433257281944095e-13,6.315887146886356e-15
18300446098.30037,1.5,0.00329156638036057,1.476335473435089e-13,4.57143930630335e-15
18385393030.69965,1.5,0.002754727791846635,1.757803647864568e-13,5.390860750567046e-15
18930887133.18624,1.5,0.002931013047481333,1.645244293304552e-13,4.918735834726933e-15
18714999025.23734,1.5,0.003473846273587513,1.449904886112633e-13,4.150649242189701e-15
18304416879.96709,1.5,0.001180330406319812,1.60572997825675e-13,7.488477152057694e-15
18737625791.63523,1.5,0.003410692349204273,1.639662207356068e-13,4.240845352406176e-15
18865478970.88285,1.5,0.003254923747624485,1.630691748724381e-13,4.442545999668499e-15
18096915534.5197,1.5,0.002917648989318965,1.949709194102453e-13,5.260133307085392e-15
19087463364.95197,1.5,0.002773106063012129,1.437020525961656e-13,5.107708962657895e-15
18108275342.13976,1.5,0.002047560326770105,1.574068633401849e-13,6.590892345058157e-15
18092487804.03207,1.5,0.001783114703526048,1.530644580044904e-13,6.955983341554562e-15
18084901605.00033,1.5,0.002127297096388567,1.538482686830931e-13,6.491344868833488e-15
18714245556.49494,1.5,0.001962752352560743,1.429696332709998e-13,6.397192532219903e-15
18576411331.81244,1.5,0.001580185187610403,1.529610209807081e-13,6.929075325017232e-15
18315571495.32977,1.5,0.003268634320758161,1.537145013017596e-13,4.602382178883513e-15
18556795841.09356,1.5,0.002076034840700028,1.47865460171896e-13,6.317624233212573e-15
18224572774.63422,1.5,0.002532820737725177,1.735165477066987e-13,5.809649150965617e-15
18646150298.01384,1.5,0.003073992388806428,1.797250204026221e-13,4.791755435152819e-15
18013485375.46677,1.5,0.003360460276704883,1.522173458358023e-13,4.574686390780018e-15
18884325683.74545,1.5,0.002642787795407715,1.504219048530338e-13,5.369668633997952e-15
18217979760.51892,1.5,0.001887292203330177,1.479648564576264e-13,6.745533209672053e-15
19040515310.79294,1.5,0.000870999840844357,1.322817842196759e-13,7.341790890728221e-15
18946085694.24236,1.5,0.00151417093612043,1.573861290921951e-13,6.827664871282542e-15
18642384306.06023,1.5,0.001441520189071119,1.494950225333607e-13,7.046440475312631e-15
18270615682.99374,1.5,0.001100119191961014,1.638169011271273e-13,7.579875483430431e-15
18874323134.2022,1.5,0.002441103867522138,1.598414689012761e-13,5.670261850385535e-15
18181533145.89749,1.5,0.002415855000872799,1.674672512133451e-13,6.010620625281472e-15
18194246771.96372,1.5,0.002734991116515363,1.730141177829762e-13,5.507469546482605e-15
19048408266.45327,1.5,0.0002926758578661681,1.2363790150901e-13,7.593760323168965e-15
18763189797.65612,1.5,0.002583259440477835,1.590049491910771e-13,5.502501238992033e-15
18228859400.05194,1.5,0.002909664378674503,2.275610246728418e-13,5.213002064104522e-15
18601978096.58978,1.5,0.0008464211500509705,1.464312091025887e-13,7.576832774859495e-15
18394810840.16564,1.5,0.002069679163270628,1.528573405509946e-13,6.404610506010497e-15
18200070862.78616,1.5,0.003086999697043432,1.789430569926078e-13,4.939956575535882e-15
18981205564.53487,1.5,0.002447338011612251,1.421179995003801e-13,5.622339761863384e-15
18223777693.2623,1.5,0.002331355252412357,1.698713590541081e-13,6.116002310302853e-15
18782121820.3222,1.5,0.002833888493530657,1.502183466987004e-13,5.116330097642853e-15
18301628669.0726,1.5,0.002882104683484678,1.948100514704015e-13,5.225498607335283e-15
18114471802.5004,1.5,0.003329870017713394,1.461028802517313e-13,4.582339334257756e-15
18575353136.64935,1.5,0.003377435058388318,1.318865229293095e-13,4.341571788179724e-15
18183457202.85717,1.5,0.003146867551049582,1.752452529985091e-13,4.850174357406037e-15
18098031745.78459,1.5,0.00135211399261404,1.595024695470779e-13,7.453596973600445e-15
18380653035.58096,1.5,0.002592626681623894,1.637591045808321e-13,5.644521567118231e-15
18188012935.9746,1.5,0.001329332337159883,1.541153629333626e-13,7.418267821889471e-15
18915110234.6721,1.5,0.003223447994429291,1.633587274070734e-13,4.476308002036871e-15
19040605802.30526,1.5,0.00256146062714619,1.383249255163151e-13,5.43598485306699e-15
18715213836.22166,1.5,0.002759281501098693,1.609216228268018e-13,5.254183749463716e-15
18329993130.52339,1.5,0.0004887265967387358,1.442522628441339e-13,7.926045858302852e-15
18749352601.99503,1.5,0.002155358888419197,1.414064354356578e-13,6.123987448538865e-15
18420437854.65398,1.5,0.003053910616721556,1.776618834525894e-13,4.904617187105124e-15
18269703043.09214,1.5,0.003425662151959542,1.376351708506448e-13,4.369205347982788e-15
18007514694.56437,1.5,0.002056321576630048,1.723911098776467e-13,6.639321447849866e-15
18990572337.42754,1.5,0.002544278494265429,1.593693726687937e-13,5.478229699354516e-15
18715180901.4579,1.5,0.0009017086637379766,1.510150717860742e-13,7.479408864068084e-15
18908905721.17534,1.5,0.00284224030812823,1.655070906761204e-13,5.060850592129025e-15
18289798659.77435,1.5,0.003307785506328849,1.508211291716439e-13,4.549527955114491e-15
18498317630.84161,1.5,0.002274706805288175,1.568107152408972e-13,6.065770133665607e-15
18097678833.23285,1.5,0.002167737581749445,1.568242727856226e-13,6.425530430047541e-15
18505265615.17741,1.5,0.002468617830529343,1.544245464768627e-13,5.777829892195896e-15
18664743325.68254,1.5,0.002127994089682267,1.498301840634295e-13,6.197837055364022e-15
18266002016.3404,1.5,0.001659293166853191,1.515624351409983e-13,7.005184573573153e-15
19057700082.20758,1.5,0.002061788913642634,1.292862445400961e-13,6.126880489861111e-15
18314429449.18442,1.5,0.002856011171207392,1.863083295356226e-13,5.261479135441273e-15
18331669355.77124,1.5,0.002830850467061423,2.269123799884294e-13,5.293968131741074e-15
18398608262.86941,1.5,0.003370976219727085,1.40681865801738e-13,4.410181355677333e-15
18146412231.98128,1.5,0.003047547003011724,1.924899854874244e-13,5.02690413621059e-15
19041090268.13007,1.5,0.002955266126835904,1.591477531273283e-13,4.847842990601864e-15
18793116893.24454,1.5,0.00348649045141846,1.266407013515068e-13,4.10930871232927e-15
18345572820.79742,1.5,0.001650443938462851,1.844924580163185e-13,6.970426316644394e-15
19061650381.60299,1.5,0.002377742514540748,1.340064646905514e-13,5.693320702507624e-15
18860034115.03144,1.5,0.003107565327490395,1.762481363321481e-13,4.670513008342489e-15
18100102345.61943,1.5,0.002855760812833462,1.839400671489135e-13,5.358791346257932e-15
18006951692.8177,1.5,0.003215602017492459,1.789530876989688e-13,4.814639188998087e-15
18232075430.51947,1.5,0.003250760650700785,1.683735198976472e-13,4.662965699492692e-15
18694570145.94172,1.5,0.001673159330608393,1.454829947495114e-13,6.764568479842792e-15
18400501889.37423,1.5,0.002023292394991088,1.536205244311445e-13,6.465221503484785e-15
18295693707.81422,1.5,0.001422098545095544,1.624167125733079e-13,7.255949508784541e-15
18196255872.99382,1.5,0.003066077950719508,1.758656229340189e-13,4.975358347798056e-15
18602117424.52208,1.5,0.003461044823708957,1.277210421558225e-13,4.20369934080297e-15
18427282523.38707,1.5,0.002799424503172557,1.690900516444049e-13,5.303397493570532e-15
18709972128.15963,1.5,0.001216720098221737,1.385331638176067e-13,7.23128900904183e-15
18507865379.44889,1.5,0.002626771249939444,1.608136448478611e-13,5.537451049629943e-15
18547852658.3646,1.5,0.00292417535572975,1.660249951468071e-13,5.06090050456209e-15
18329099968.85877,1.5,0.001463912359985862,1.756984779198095e-13,7.191553295694913e-15
18308412892.03734,1.5,0.003401437069654379,1.377989891479653e-13,4.393720246904417e-15
18982397840.4017,1.5,0.002794166394270495,1.533981362263839e-13,5.109576443119067e-15
18026587686.99528,1.5,0.002951156618705453,1.989808290477113e-13,5.239188904750784e-15
18306442759.82786,1.5,0.001737888808386551,1.772962856125129e-13,6.886390217818039e-15
18392133242.34307,1.5,0.001399056441337381,1.505864534440962e-13,7.224132381304918e-15
18191455753.00936,1.5,0.002682462414612554,1.716276982588235e-13,5.5919397934267e-15
18656137496.70951,1.5,0.00220744307882286,1.444435462373133e-13,6.091334667256848e-15
19058905009.02591,1.5,0.002397303250363046,1.417353269491733e-13,5.666526226843173e-15
18028625624.94867,1.5,0.003137648350734438,1.88474578346656e-13,4.932716978174526e-15
18130692143.03462,1.5,0.00204843760163627,1.668907126307502e-13,6.576590706773512e-15
18574366263.28695,1.5,0.002870080824997707,1.639344499435878e-13,5.135363874605569e-15
